username,entries,bestRank,standardLevel,worldCupLevel,lastEntryAt,userId
Roddysmart,45,1,10,70,2026-06-23T01:56:26.990Z,cmq10gvmf012a0ms0piyaacvf
Glorious,44,1,15,202,2026-06-23T00:49:37.852Z,cmpyv0rpc00zq0mlbtkpbz8q7
thecyberverse,32,1,14,30,2026-06-23T09:07:32.331Z,cmn7ov0970000zg3zjekot4nz
Trinity1,26,1,1,8,2026-06-23T08:52:06.875Z,cmpz8bpi901hw0mlb59s8fxrd
Chi,23,1,8,14,2026-06-23T08:54:47.052Z,cmpz6fjjp01f20mlbodguvfsv
Trinity,21,1,1,13,2026-06-23T08:55:44.583Z,cmq87158200pb0mobs96g98rj
Kez,14,1,1,2,2026-06-21T18:47:30.395Z,cmq3l78lr011d0mmu6khksczb
Freeman,14,1,1,2,2026-06-22T02:25:19.350Z,cmpye702600du0mlbc8lg8ya0
Nig_bigger,12,1,71,33,2026-06-23T00:10:20.092Z,cmqfoq2s7018x0mt46fr43tua
Astralbeacon,11,1,1,3,2026-06-20T18:53:39.070Z,cmpytrzf000ym0mlbtq4fri2u
WildPanda89,8,1,1,1,2026-06-20T17:18:09.435Z,cmpytmkbc00ye0mlbyp6b5gmh
Royalb,7,1,6,9,2026-06-23T02:26:27.932Z,cmq3kwdp601140mmuse1qhfqa
Peter8888,7,1,1,2,2026-06-21T18:57:17.604Z,cmq75ilqj005u0mobe2m1bwg4
Jokerweysabi,4,1,1,2,2026-06-20T18:06:04.771Z,cmq8l8ih600vx0mobpuljryc9
—,3,1,1,1,2026-06-13T06:47:09.797Z,cmq1fo9b1003p0mmuo6qnsm28
Jay,3,1,9,11,2026-06-23T06:37:16.108Z,cmqp2cwtf005f0roaknjvd64t
cristiano_7,3,1,1,1,2026-06-13T06:42:22.792Z,cmq1cgmrb00240mmu8cjbjqdw
Smartsix16,1,1,1,3,2026-06-22T07:17:08.283Z,cmqovsdil0fan0rozqqi0euf4
cinema,1,1,1,1,2026-06-06T00:42:26.251Z,cmq1mnkel007f0mmu28v60l00
Sam,1,1,16,10,2026-06-22T01:03:56.450Z,cmql562ge01630rpgvbatqeja
Yush,1,1,1,7,2026-06-22T09:22:33.229Z,cmqp09a7u000l0rqqen2g8oa5
Gbabson1988,1,1,1,2,2026-06-22T06:30:44.136Z,cmqou3vrk0ek40rozhedzw74a
Lekxino,1,1,1,2,2026-06-22T08:23:14.420Z,cmqoy333d0g1o0rozrfbzw2r6
mighty_spark,1,1,1,1,2026-05-19T13:57:00.775Z,cmpbci24q000h0mqkgnbmqey7
Gh,17,2,1,17,2026-06-23T08:09:55.299Z,cmqci42oe01f00mmg5zn143o3
Deman,10,2,1,1,2026-06-20T18:52:23.077Z,cmpyu71vo00z40mlbg4re5ise
Cinamania,10,2,1,32,2026-06-23T05:09:20.062Z,cmpz2ckqp017r0mlbdt70b3be
—,4,2,1,1,2026-06-16T13:26:45.987Z,cmq6oaa2w003d0mpa23hv60v2
—,3,2,1,1,2026-06-13T06:55:45.178Z,cmq1kixcy006i0mmukj08jabc
andrew,3,2,1,1,2026-06-13T06:37:17.390Z,cmq1c80s4001v0mmu9v1ncwga
mighty_wizard,1,2,1,1,2026-06-03T12:24:54.536Z,cmpf4y5ee000p0mpoytnlpxe3
Ayomide,1,2,1,2,2026-06-22T17:23:41.782Z,cmqphgvpv00c001levcirtmfv
SwiftWaffle45,1,2,1,2,2026-06-22T06:44:13.789Z,cmqoultuo0evh0rozq1vz9in5
—,1,2,1,1,2026-06-16T13:53:36.662Z,cmqgpcs3y01pm0mt41ei02kln
Chocolate,1,2,6,6,2026-06-22T02:08:56.100Z,cmqokraam0ce30rozfvmkq94s
Idr,1,2,1,2,2026-06-21T06:11:03.429Z,cmqndy1ls04oe0rmqtzzimzkh
Chiemerie,1,2,1,2,2026-06-22T08:21:16.529Z,cmqoy2i4x0g120rozms0cw5gs
Ruth,1,2,1,2,2026-06-21T03:39:27.168Z,cmqn8kao602yq0rmqzvz07uab
BoldAce58,1,2,2,10,2026-06-22T00:26:29.349Z,cmq15f2in000k0mpdn50zt41f
lucky_legend_67,1,2,1,2,2026-06-21T04:01:23.297Z,cmpye7urx00e00mlbz47u6x2q
paxcal_lly,1,2,1,2,2026-06-22T01:01:45.347Z,cmq39k92f00wn0mmu6gg987am
kingpin,4,3,1,1,2026-06-13T01:08:42.519Z,cmq14tmbw00080mlw2f652adg
Destiny,4,3,2,11,2026-06-21T00:04:09.960Z,cmqhbmdk4020p0mt4f3pztviv
Salisudanruwa,3,3,1,4,2026-06-21T22:58:09.996Z,cmqmzlexi04iq0rpk5umy7grs
i_am_him,3,3,1,1,2026-06-13T06:32:36.495Z,cmq18p4gl00050mmuufzhflse
Taiwan,2,3,1,2,2026-06-22T01:15:45.105Z,cmqodtz45094t0rozb3u8b8uj
Andrespaulo,1,3,2,3,2026-06-22T15:27:06.046Z,cmqpd5lg4003i0el3muh7dve6
—,1,3,1,1,2026-06-16T13:27:39.913Z,cmqgofg0601oo0mt4zfbbg73i
Rankin4,1,3,1,2,2026-06-21T05:37:42.548Z,cmqncqdte046n0rmq7g51q184
Snakeeye,1,3,1,2,2026-06-21T02:38:32.448Z,cmqn6duqc02600rmq82lb82zn
Boogle,1,3,1,2,2026-06-21T04:47:56.508Z,cmqhmctgy02360mt4gwsggh5p
Bash3716,1,3,1,2,2026-06-22T11:06:41.901Z,cmqp3xzya00h70rjncn47dh22
Master4253,1,3,1,2,2026-06-21T23:59:06.315Z,cmq7t248800fa0mobv6ieavqx
Alovely,1,3,1,2,2026-06-21T06:48:51.169Z,cmq2q4mxo00qc0mmunfis87ca
crispy_blitz_85,1,3,1,1,2026-06-03T19:19:27.175Z,cmpyg9dcb00i00mlbvnqdzdhg
Gamally800,1,3,11,20,2026-06-22T00:34:14.400Z,cmpz3w05i01ay0mlb4vb7p47x
Doomrang,7,4,7,1,2026-06-22T18:54:18.895Z,cmpybphfv008k0mlbb8aqnm3v
LenientJoker,6,4,1,4,2026-06-21T18:52:56.936Z,cmq75f2k4005r0mobnnz083yb
mirage,4,4,1,1,2026-06-13T05:52:28.455Z,cmq158mgn000f0mpd8c8k8y7t
777b,4,4,1,1,2026-06-13T09:59:06.827Z,cmpyktt7v00o00mlbkfa9hig4
Fau460,3,4,3,31,2026-06-20T21:04:58.070Z,cmqmrafxy01ku0rpksqwv3ixh
beauty,3,4,1,1,2026-06-13T06:51:50.857Z,cmq1fwfyj003x0mmuxzuogylb
mkhonzanonzwakiporti,1,4,1,2,2026-06-21T20:42:44.387Z,cmqo94g95070l0rozz436k4fa
—,1,4,1,1,2026-06-16T12:39:47.504Z,cmqgmpqw801n10mt47xir92ev
Chukwuemeka,1,4,1,5,2026-06-21T22:51:13.540Z,cmqodpim909200rozy2gce6gz
lucky_racer_49,1,4,1,1,2026-06-03T15:54:26.447Z,cmpy8x1yn002x0mlbczxfkts7
Auwal,1,4,1,2,2026-06-21T06:35:18.103Z,cmqneubt7051h0rmq3ce0uaju
Realayodele247,1,4,1,2,2026-06-22T14:25:19.363Z,cmqpb2v7400dz0fo6ygoiuwip
Dcoloxus,1,4,1,2,2026-06-21T09:38:06.234Z,cmqnld8o307o80rmq4s7ea0a3
—,1,4,1,1,2026-06-17T15:39:43.661Z,cmqi8kbos02bl0mt42xcm0oo3
Jafe,1,4,1,2,2026-06-20T22:02:59.694Z,cmq0lmhk200ql0ms0474whmzc
Janvierdjedje,1,4,1,2,2026-06-22T12:00:41.852Z,cmqp3dyp000ai0rjnz7xrb8zo
TurboFox70,1,4,1,2,2026-06-21T16:32:15.801Z,cmqo06ivz02kn0rozmkylbpei
Bimbo95,1,4,1,2,2026-06-21T10:08:11.556Z,cmpytrmp400yl0mlbsi0awqah
eternal,4,5,1,1,2026-06-13T05:57:11.627Z,cmq15ha5e000m0mpdytcfpasq
mighty_thor,4,5,1,1,2026-06-12T19:30:41.404Z,cmq145bw500000mo1tlshr27i
YaYa_2709,4,5,50,31,2026-06-22T11:09:07.589Z,cmq47u5ym01c10mmu02gliu76
bayo,3,5,1,1,2026-06-13T19:17:35.061Z,cmpyq3vjj00u80mlbu5o2fwi8
Jimoh,1,5,1,4,2026-06-21T22:50:42.039Z,cmq6qfzxe004x0mpatxuo8s1m
Coen,1,5,1,2,2026-06-21T02:01:42.972Z,cmqn52inf01sh0rmql0rui603
—,1,5,1,1,2026-06-16T13:10:50.053Z,cmqgntro601nz0mt4zj125dj4
Bop,1,5,1,2,2026-06-22T16:39:14.952Z,cmqpfusnt00bt01qonzdqxkrf
TurboSage29,1,5,1,3,2026-06-22T12:34:11.237Z,cmqp71cx000gf0frujc032cz2
RoyalAce19,1,5,16,5,2026-06-21T13:09:51.727Z,cmqnsckf70avm0rmq7jdbruo7
Dannychi001,1,5,1,2,2026-06-17T22:19:13.389Z,cmq25du5i00fs0mmugp5ap4a0
mrpiroskygmail.com,1,5,1,2,2026-06-21T05:59:12.367Z,cmqndja4504k60rmqlo64b0fq
Ochemesunday,1,5,1,2,2026-06-20T21:13:58.144Z,cmq4ay4x101d70mmuqbg3y9hp
TurboFox24,1,5,1,12,2026-06-21T07:59:26.233Z,cmqnhizl606530rmqs5ws0133
maple_leaf,3,6,1,1,2026-06-14T11:33:40.942Z,cmpy7yx3g000o0mlbx770gjq1
waffleslegend_1,3,6,1,1,2026-06-13T06:25:50.202Z,cmq189jwy000g0mn2vssdt808
barbiegirl,3,6,1,1,2026-06-13T06:06:26.073Z,cmq16i07h001o0mpdy1lwa6bs
Emmadux,1,6,1,2,2026-06-20T19:36:16.146Z,cmpyeemuf00ei0mlb4flo4vht
SneakyChamp44,1,6,1,3,2026-06-20T14:49:29.993Z,cmqmgyx0z001o0rmbxoc82fqj
—,1,6,1,1,2026-06-16T13:43:37.796Z,cmqgozxdk01pc0mt4prr411g9
thegreat,1,6,1,1,2026-06-17T22:17:21.158Z,cmqema4yl00qe0mt4v4gs0z5i
jackson,1,6,1,1,2026-06-09T12:40:07.018Z,cmq6mc7zs002d0mpa8e4q83x4
Gbishop,1,6,1,2,2026-06-21T11:33:49.506Z,cmq001tkb00bw0ms0dkjzdl6f
Chinex,1,6,1,13,2026-06-20T23:49:35.167Z,cmqn0cura006h0rmqx33s9d82
Amandah03,4,7,1,3,2026-06-21T09:45:15.622Z,cmpzqlsy000360ms06sdps03c
—,3,7,1,1,2026-06-16T09:53:07.064Z,cmq1lysv500740mmup128z6v8
Trinityyyy,3,7,1,2,2026-06-16T13:12:34.026Z,cmq2ovepi00pn0mmumhyiz90t
Ptoons,1,7,1,2,2026-06-21T21:45:14.569Z,cmqobcfqq081q0rozsi3k5h43
Tafsir,1,7,1,2,2026-06-21T17:03:10.312Z,cmqo183pe033y0rozx9ev8v5l
—,1,7,1,1,2026-06-17T14:57:00.616Z,cmqi71hkl02aw0mt43rykokn2
Patrick,1,7,1,3,2026-06-21T12:41:57.133Z,cmqnry2yy0aqj0rmqrbz6r8oj
Evans4me,1,7,1,4,2026-06-21T10:14:25.177Z,cmqnmobce08ia0rmq3qssd8en
—,1,7,1,1,2026-06-16T13:14:24.856Z,cmqgnyeo501o40mt4qioh88wo
Dmdollar,1,7,1,2,2026-06-21T22:31:15.708Z,cmqoczmku08pd0rozdnjx9jmb
Af,1,7,1,2,2026-06-21T11:53:07.507Z,cmqnq74lq0a8r0rmqigpgygvl
movielord,1,7,1,1,2026-06-06T00:00:04.854Z,cmq1l534i006v0mmu84izxjwg
franklin_jude,3,8,1,1,2026-06-13T06:01:34.850Z,cmq16b4ia001g0mpdx5gnc04g
Vimerl,3,8,1,2,2026-06-21T12:59:54.165Z,cmq0n3vlr00rr0ms0bre5nxbt
CleverAce19,2,8,1,15,2026-06-20T14:00:50.274Z,cmq3rz3tm014g0mmuzf6kqwnt
Genesis,2,8,1,3,2026-06-20T16:00:57.432Z,cmqmjl7zv007n0rpjnhomi5w2
mighty_blitz_31,1,8,1,1,2026-06-04T12:19:25.034Z,cmpzgoug201sa0mlbeqfe25cl
—,1,8,1,1,2026-06-16T12:49:36.132Z,cmqgn2iga01nd0mt4yispc0ua
Tracy,1,8,1,2,2026-06-22T14:29:02.869Z,cmqjhbghh02sf0mt4oi9c1kh4
CrispyAce33,1,8,1,2,2026-06-21T11:33:39.344Z,cmqnpix2l09sh0rmqi9r27021
KosisochuwkuLinus,1,8,1,3,2026-06-21T09:22:44.425Z,cmqnktrlp07h80rmqs9ylqi2k
Ladyuc,1,8,1,2,2026-06-21T22:32:52.272Z,cmqoczqfu08pg0roz6bhg2u71
Lianca,1,8,1,2,2026-06-16T22:41:54.682Z,cmqgv062u01t70mt4qklerlb6
Uthman,1,8,1,6,2026-06-21T21:49:22.001Z,cmqobibst08550rozx4e1084d
—,1,8,1,1,2026-06-08T04:06:36.458Z,cmq4otmnv001v0mqucg8tcgfv
Clementor,5,9,6,4,2026-06-20T18:00:35.556Z,cmqm38wpb03zd0rpl68w6r53t
walter_123,3,9,1,1,2026-06-13T06:14:11.080Z,cmq17nbzt00030mn2tf2ila6j
Yhe,1,9,1,2,2026-06-19T19:49:03.937Z,cmqlcbzz401xv0rqysmjwsma9
stacked_blitz_68,1,9,1,1,2026-06-04T07:43:44.700Z,cmpz6swie01fp0mlbf5hhzees
funkypet54gmail.com,1,9,1,2,2026-06-21T10:27:14.714Z,cmqnn0hfk08pe0rmqokvxod40
Misty,1,9,1,2,2026-06-21T17:19:13.136Z,cmqo1u6va03f40roz8jbxyplh
Taiwo23,1,9,1,2,2026-06-16T15:52:43.331Z,cmqgtkfz301sg0mt4je3k01a8
—,1,9,1,1,2026-06-16T13:34:58.542Z,cmqgooqo501ow0mt4iu49m2z0
clever_boss_90,3,10,1,1,2026-06-12T15:33:02.392Z,cmpynepv300rx0mlb5tlerpjz
—,3,10,1,1,2026-06-13T06:21:17.345Z,cmq16ztfy001z0mpd34kde8h7
—,2,10,1,1,2026-06-10T06:49:52.246Z,cmq5j653i00d70mqu06zoswz4
Raymega1,1,10,1,2,2026-06-21T17:14:29.058Z,cmqo1oa2i03cl0roziremo4go
Ben,1,10,1,3,2026-06-21T21:23:17.960Z,cmqo9uo4w07ct0rozdwidwy3f
—,1,10,1,1,2026-06-17T13:47:17.899Z,cmqi48hxg029q0mt4l612wb28
—,1,10,1,1,2026-06-16T12:35:40.015Z,cmqgmjw8l01mx0mt4z209grmp
Kiddika3,1,10,1,2,2026-06-20T23:15:44.974Z,cmqmz4vng04900rpk55pfbpbe
Modafaka,2,11,1,20,2026-06-21T18:10:45.590Z,cmqo35byb03zm0rozg6kudu4m
—,1,11,1,1,2026-06-16T12:43:30.982Z,cmqgmu1j001n50mt4gv29c66l
—,1,11,1,1,2026-06-08T18:30:00.418Z,cmq5jm6fy00di0mqu5c3i6yku
crispy_voyager_73,1,11,1,1,2026-06-04T10:43:54.016Z,cmpzdalim01ns0mlbnhu53qx4
—,1,11,1,1,2026-06-17T01:01:47.218Z,cmqhd7bs202160mt4z3faxonl
CrispyFox33,4,12,1,21,2026-06-20T15:00:42.492Z,cmpyabrce00660mlbx5abemd2
maple_pro_10,1,12,1,1,2026-06-03T14:20:07.138Z,cmpy5ivw200060mpdnmfzyuwq
Masereka,1,12,1,2,2026-06-21T18:20:35.861Z,cmqo418he04hs0roz8gvwddab
Wozanawe26,1,12,1,11,2026-06-20T16:06:37.435Z,cmqmjqikm00cy0rpjrxspybin
—,1,12,1,1,2026-06-17T21:07:26.958Z,cmqik9uf202gl0mt4wzkp7l55
—,1,12,1,1,2026-06-09T12:49:09.528Z,cmq6mxruo002m0mpam764l5w2
Lilromeo,1,12,1,2,2026-06-19T23:27:31.583Z,cmqlk4ev900390rp49s5s89n0
—,1,12,1,1,2026-06-16T13:07:54.154Z,cmqgnq1qo01nu0mt4gxzfr48e
—,2,13,1,1,2026-06-17T11:14:02.077Z,cmqf4wgob00xo0mt45bcgqygg
Lacash35,2,13,1,2,2026-06-21T17:14:07.427Z,cmqmvalrk03040rpkhesuxj17
—,1,13,1,1,2026-06-16T13:21:23.889Z,cmqgo7d1n01oc0mt44kyt4fgf
Tomme,1,13,1,7,2026-06-19T18:05:00.471Z,cmql8kta100tq0rqypwk5mqnb
cosmic_star_90,1,13,1,1,2026-06-04T01:13:25.981Z,cmpysvw8p00xp0mlbca02nmvc
cosmic_champ,2,14,1,1,2026-06-17T15:03:50.194Z,cmpy9eb1r004a0mlbd1tlvb5k
Vin,2,14,8,3,2026-06-10T06:20:17.041Z,cmolch6mc002k0mk4ahvy9ffb
Verygentleman,1,14,1,51,2026-06-20T18:55:44.568Z,cmqkpl1aj03740mt4gov9a2v1
CrispyBrain19,1,14,1,2,2026-06-20T17:38:23.699Z,cmqmn3rw9003f0sn0r1ao4gid
CleverWizard90,1,14,1,2,2026-06-19T16:01:31.421Z,cmql47te800wd0rpgnmwzpzze
—,1,14,1,1,2026-06-16T12:46:33.975Z,cmqgmykw101na0mt4r5o0t40s
mellz,1,14,1,2,2026-06-20T14:23:55.038Z,cmqmg57sk003n0rmwhqvguolj
—,2,15,1,1,2026-06-19T09:21:48.315Z,cmqir0dtm02jm0mt4v436hv3b
shadow13,2,15,1,1,2026-06-09T15:43:42.136Z,cmq689io900li0mqu5qibivas
Kyn2,1,15,2,11,2026-06-19T20:28:04.867Z,cmpzl64w801xo0mlb0trd89v0
—,1,15,1,1,2026-06-16T13:24:27.388Z,cmqgob6pu01og0mt4ka6iw7fm
cleve,1,15,1,1,2026-06-04T09:15:32.957Z,cmpza0sqg01jy0mlbeuhyq8wq
WildBrain39,1,15,1,2,2026-06-21T17:52:57.971Z,cmqo31jmy03z90rozr0c9luii
—,4,16,1,1,2026-06-21T18:56:24.336Z,cmq9iigk201bw0mobl04ljtol
Seun,1,16,1,2,2026-06-19T20:51:59.411Z,cmqlekary02m60rqy08b9syrk
cosmic_racer_95,1,16,1,1,2026-06-04T02:49:57.046Z,cmpywd05a01150mlbjj6pma9v
—,1,16,1,1,2026-06-05T16:33:16.811Z,cmq157lds000a0mpdigne7njf
—,1,16,1,1,2026-06-16T12:52:25.925Z,cmqgn669g01nh0mt4s3ios9aq
swift_hero_81,1,16,1,1,2026-06-09T05:51:38.621Z,cmpyo4b3r00sq0mlbdul78qlb
maple_hero_70,1,17,1,1,2026-06-04T02:31:01.086Z,cmpyvkh6v010e0mlby8w88une
Tumelo,1,17,1,2,2026-06-19T22:20:59.662Z,cmqlhr2lu03jn0rqyavxl37on
b377,4,18,1,1,2026-06-13T09:56:29.984Z,cmpyksh3600ny0mlbd0nxepfv
butter_winner_74,1,18,1,1,2026-06-04T11:22:30.847Z,cmpzemxoo01q20mlb0qjc41ye
—,1,18,1,1,2026-06-16T12:19:28.008Z,cmqglyq3301mp0mt443l6djjn
SharpOwl51,1,18,19,4,2026-06-19T15:48:52.430Z,cmql3r5at00l30rpg035ltcly
—,1,18,1,1,2026-06-17T21:07:52.785Z,cmqik970a02gk0mt4vgz14pjo
Ikapian1980,3,19,1,2,2026-06-17T07:13:40.926Z,cmpygy4p400ja0mlb7w7d6d56
—,1,19,1,1,2026-06-09T02:12:18.924Z,cmq2pu5y800q40mmuj3ggpmqv
—,1,19,1,1,2026-06-16T12:55:23.294Z,cmqgn9w9c01nk0mt4bhcg0cpa
amandah,3,20,1,1,2026-06-10T10:06:33.484Z,cmpzqdvgi002v0ms0pzeztrvz
mighty_ace_49,1,20,1,1,2026-06-04T04:22:25.250Z,cmpyzndmu01400mlbne9o43na
—,1,20,1,1,2026-06-06T11:04:42.301Z,cmq28vzxd00hv0mmurklu4vr9
Ishmael,1,20,1,2,2026-06-19T19:59:16.740Z,cmqlclqms01ze0rqyf5gqrwn5
lucky_champ,2,21,1,1,2026-06-09T20:34:11.133Z,cmpy560q2001q0mmp432k6hql
Trinityy,2,21,1,2,2026-06-16T13:15:29.316Z,cmq88cxam00q80mobsibv1rjv
Chikosolu,1,21,1,6,2026-06-20T12:04:03.388Z,cmqjvjx1u02xv0mt47oizitk9
Test,1,21,10,6,2026-06-05T22:11:12.394Z,cmq1h8yhc004o0mmusc7cl2av
—,1,21,1,1,2026-06-17T15:28:57.022Z,cmqi86vav02bf0mt4n3df39fd
shaddy06,6,22,1,4,2026-06-18T22:03:43.211Z,cmq47v3xq01c20mmu572r14hr
Berylthedon,5,22,1,5,2026-06-19T16:55:42.122Z,cmpyk8qqy00nc0mlbskj1qanj
Gameout,4,22,1,2,2026-06-12T18:51:29.965Z,cmq13l99j014h0ms0fxzhl9nq
Cipher,2,22,3,8,2026-06-16T02:00:19.304Z,cmq1ceyvj00220mmunv3ondga
—,1,22,1,1,2026-06-16T13:18:13.534Z,cmqgo37k301o90mt45umuua7f
Leon,1,22,1,2,2026-06-19T17:01:36.735Z,cmql6c3w200320rqy9yayz2al
lspeter,1,22,1,1,2026-06-10T21:54:46.066Z,cmq8lwba500w70moboedt5urc
pixel_wizard_50,1,22,1,1,2026-06-04T10:48:15.217Z,cmpzdfp8v01o00mlb9oapjr1a
stacked_blitz,5,23,1,1,2026-06-13T17:25:40.181Z,cmpy5108p001k0mmpaubyt261
—,1,23,1,1,2026-06-16T13:41:03.655Z,cmqgow6cz01p80mt4flf7dqmb
clever_blitz_98,1,23,1,1,2026-06-04T04:12:30.760Z,cmpyzay78013k0mlbbm2qbnmi
Ishola,1,23,1,4,2026-06-19T16:13:08.879Z,cmql4mixx010n0rpg120uyiyh
—,1,23,1,1,2026-06-16T23:37:08.128Z,cmqha59ci02030mt4vszl0grw
—,1,23,1,1,2026-06-05T15:22:31.106Z,cmq12mxjt013z0ms0gplaf7nz
maple_pro_18,1,24,1,1,2026-06-03T17:04:11.836Z,cmpybfqyi00850mlbko05a6y2
Luvyou,1,24,1,10,2026-06-19T17:26:23.938Z,cmql7883u00e20rqy6u8cbpwn
—,1,24,1,1,2026-06-17T21:28:40.440Z,cmq5evdm200bm0mqu7yzx89cr
—,2,25,1,1,2026-06-14T07:42:45.121Z,cmqa7290g00bx0mmg0t9189s9
Pan,1,25,1,5,2026-06-19T20:58:12.001Z,cmqleriu902or0rqyn31x6g77
—,1,25,1,1,2026-06-09T05:26:14.317Z,cmq674yji00kz0mquxfuz5fti
lax,1,25,1,1,2026-06-17T16:28:21.164Z,cmq6a9vkt00md0mquhaggxoe1
sharp_hero,1,25,1,1,2026-06-03T13:50:52.398Z,cmpy4ieli000a0mmpdybbgyfz
—,1,25,1,1,2026-06-04T23:14:14.141Z,cmq042zm800f30ms0ifr2irvn
tactics,2,26,1,1,2026-06-12T22:08:38.396Z,cmq8mcz6z00wh0mobj218eana
silentoracle,2,26,1,1,2026-06-16T02:13:40.133Z,cmq1c31bv001s0mmuwcpwofnv
syrup_racer_20,1,26,1,1,2026-06-04T12:38:06.028Z,cmpzhdbds01te0mlbzed9c308
stephen,1,26,1,1,2026-06-17T18:29:12.362Z,cmqiegb4y02ec0mt4bq8ir7e2
ssboaz,1,26,1,1,2026-06-08T13:34:35.283Z,cmq39n5ue00wo0mmu6cx8h07i
n_jay,1,27,1,1,2026-06-13T06:58:55.917Z,cmq3qfnbq013o0mmuib9zstq1
—,1,27,1,1,2026-06-10T23:08:24.994Z,cmq8oilag00xh0mobwnqpwb1p
—,1,27,1,1,2026-06-17T22:51:31.597Z,cmqinzlhj02io0mt4t1381zfu
xville,1,27,1,1,2026-06-05T15:13:15.067Z,cmpza119901jz0mlbk69e0zen
swift_racer,1,27,1,1,2026-06-03T18:54:59.089Z,cmpyfdouq00gh0mlb92zzs6qw
—,1,28,1,1,2026-06-17T21:42:28.843Z,cmqilha2102h40mt48px0ps9l
number_1,1,28,1,1,2026-06-16T13:33:11.103Z,cmqgoc94q01oj0mt4dikz2tcg
Monster,1,28,1,2,2026-06-19T21:40:36.638Z,cmqfgm1a4014e0mt4rkz9sdun
—,1,28,1,1,2026-06-05T08:27:50.441Z,cmq0ntjdc00si0ms0vyvnuwec
kenboy,1,28,1,1,2026-06-12T13:52:06.330Z,cmqazhqdd00r30mmg2m55cidc
stacked_voyager_56,1,28,1,1,2026-06-04T12:24:49.860Z,cmpzgvmt801sm0mlbvbpbtd61
normally,1,29,1,1,2026-06-16T14:38:48.081Z,cmqgqvhc201qz0mt4fmwslodd
emaafrancook,1,29,1,1,2026-06-04T05:56:08.789Z,cmpz2zs5o01920mlbry7fyw6c
—,1,29,1,1,2026-06-09T11:12:41.886Z,cmq6jdqxs00180mpaxvs72ol1
mobwar22,4,30,1,1,2026-06-11T23:03:13.990Z,cmpzz1ht400b20ms0gj09s5hw
—,2,30,1,1,2026-06-10T17:54:54.371Z,cmq6e770j00nw0mqujh7a83yo
Abdullahi,1,30,1,2,2026-06-20T12:18:58.468Z,cmqmbnuxb083x0rpl915oywgg
—,1,30,1,1,2026-06-16T14:45:27.005Z,cmqclzhct01hb0mmgyl0gm24a
mighty_legend_63,1,30,1,1,2026-06-04T00:56:49.408Z,cmpysbexa00x60mlbt45vhivs
—,1,31,1,1,2026-06-11T11:04:19.086Z,cmq9e2v5f018q0mobhq5axy14
Dairo,1,31,1,2,2026-06-20T03:28:49.981Z,cmqlsmgce013g0rplu9nqcq6g
swift_hero_23,1,31,1,1,2026-06-03T21:49:22.572Z,cmpyllfpz00pb0mlb360ltdml
freeman,1,31,1,1,2026-06-16T15:41:46.238Z,cmqgt5bmj01s40mt4i5w0o7b4
bidexville,1,31,1,1,2026-06-05T14:01:46.068Z,cmq0z9wq2011e0ms09n0ifats
bright_maverick_22,2,32,1,1,2026-06-07T03:13:42.105Z,cmpy98zqz003v0mlbwll8n8iz
Natedawg,1,32,1,2,2026-06-20T04:51:21.789Z,cmpz0xgge01650mlbg2x95h04
—,1,32,1,1,2026-06-16T16:17:00.665Z,cmqgugep801st0mt432uyptff
syrup_pro_40,1,32,1,1,2026-06-04T10:22:34.987Z,cmpzcj20b01mw0mlbip8ekelp
—,1,32,1,1,2026-06-11T05:52:08.300Z,cmq92wb8i01200mob8vz9m4u1
swift_legend_20,2,33,1,1,2026-06-04T14:19:23.333Z,cmpyegi2o00es0mlb4ispmy2k
dracor31,2,33,1,1,2026-06-09T22:04:26.518Z,cmq0ou44t00tb0ms0kczu4dwx
Ireneo,1,33,1,2,2026-06-19T15:38:37.186Z,cmql3dwb500dd0rpgusc9n6a6
lyrics_emest,1,33,1,1,2026-06-06T00:57:56.417Z,cmq1n7sj3007v0mmuhh6g8wom
—,1,33,1,1,2026-06-16T16:27:57.496Z,cmqguubyl01t10mt4ax4g9h9y
—,1,33,1,1,2026-06-16T11:59:51.511Z,cmqgl9o3p01md0mt4wy1zy9gq
Martink,1,33,1,3,2026-06-13T08:02:20.306Z,cmqc2ga7u016q0mmgqg735vli
—,1,34,1,1,2026-06-16T16:35:52.519Z,cmq8ao5z300rr0mobx2yot6xh
mighty_legend_31,1,34,1,1,2026-06-03T20:47:56.566Z,cmpyjdrqx00m90mlbc5q1ipas
—,1,34,1,1,2026-06-05T08:00:41.774Z,cmq0mpnun00rg0ms02dqjh2ig
ThabisoMofokeng,1,34,1,2,2026-06-19T19:26:39.889Z,cmqlbjwtw01s60rqyivefxle8
timhaka,1,34,1,1,2026-06-09T01:04:49.689Z,cmpyv3f0s00zw0mlbcrl0jzyq
—,1,34,1,1,2026-06-11T16:55:11.346Z,cmq9qlm94003r0mmgdypepkv8
—,1,34,1,1,2026-06-14T18:57:51.487Z,cmqe5bjlu00j50mt465vjtaiq
—,2,35,1,1,2026-06-16T09:13:45.187Z,cmqbw7usa012r0mmgbahefosq
—,1,35,1,1,2026-06-11T19:37:38.054Z,cmq9wevnc006p0mmgh8qw10ff
Eagle,1,35,1,4,2026-06-06T08:22:44.453Z,cmpy675a8001l0mpdlvg1suh4
—,1,35,1,1,2026-06-16T18:01:36.153Z,cmqgy6uv101ux0mt49vw8gfml
—,1,35,1,1,2026-06-09T01:37:09.521Z,cmq1mspar007k0mmutotwbhy2
golden_maverick_70,1,35,1,1,2026-06-04T09:30:30.014Z,cmpyvcufh01080mlbfpxc0l8a
—,1,36,1,1,2026-06-15T18:38:46.269Z,cmqfiqi67015m0mt4hje68k64
Queenb,1,36,1,8,2026-06-20T13:07:54.673Z,cmqmdea6j08ys0rpliwqzq0qs
—,1,36,1,1,2026-06-05T17:29:36.968Z,cmq1783el00270mpdax4bkavu
—,1,36,1,1,2026-06-16T18:33:47.403Z,cmqgzckuj01vn0mt4byxu09oy
syrup_titan,1,36,1,1,2026-06-03T14:15:25.368Z,cmpy5er8b00080mtaojmk4ffy
—,1,36,1,1,2026-06-08T20:20:00.343Z,cmq5nk55500ez0mquv7wt32sn
kernel_panic,2,37,1,1,2026-06-07T17:33:23.657Z,cmq0ce7fw00jf0ms09dzmyxyx
olve,2,37,1,1,2026-06-16T19:13:23.474Z,cmq692gp900lv0mqu4mhipcy2
—,1,37,1,1,2026-06-10T20:56:22.088Z,cmq8jsvvq00ve0mobcufpcnx1
keef,1,37,1,1,2026-06-12T09:32:28.552Z,cmqaq8mms00kq0mmgp4i3vznq
lucky_winner_15,1,37,1,1,2026-06-03T22:19:49.025Z,cmpymo5gl00qw0mlb7jxmi88z
bright_pro,2,38,1,1,2026-06-04T20:38:06.289Z,cmpy9ujyv00500mlbt7i9pwhe
king237,1,38,1,1,2026-06-09T07:23:12.333Z,cmq6b65f900mo0mqu9jvpc2v3
—,1,38,1,1,2026-06-16T19:24:41.245Z,cmqh12o6w01wc0mt4fdgxdoul
Richarlison999,1,38,1,2,2026-06-19T23:42:16.385Z,cmqlkndwy008g0rp48csw813c
golden_captain_52,1,38,1,1,2026-06-04T10:58:23.745Z,cmpzdstd401om0mlb855n0rpk
bobom23,1,39,1,1,2026-06-12T18:22:33.335Z,cmq58urd600970mqudnnzgkf2
andrawus,1,39,1,4,2026-06-19T21:49:21.922Z,cmqlglua103790rqywpjptqm7
kanatebo,1,39,1,1,2026-06-08T12:05:59.681Z,cmpzowsah001b0ms0rvwd0wn6
syrup_boss,1,39,1,1,2026-06-03T15:35:26.942Z,cmpy89hqc001m0mlbqkmrngpb
—,1,39,1,1,2026-06-16T20:25:45.614Z,cmqh3c9op01xc0mt4ddm1ht0a
—,1,39,1,1,2026-06-11T03:27:29.130Z,cmq8xq8au01000mob430vqaeb
pinosco,1,39,1,1,2026-06-04T23:49:32.527Z,cmq05bvll00fu0ms0uhl0jdiz
—,1,40,1,1,2026-06-16T00:14:10.774Z,cmqd6e319002h0mt4chjb44ip
—,1,40,1,1,2026-06-11T06:12:59.513Z,cmq93ogrc012f0mobqde13hnz
highkey,1,40,1,5,2026-06-19T09:47:47.179Z,cmqkqu6ee037r0mt4tz05xyj9
nastywells,1,40,1,1,2026-06-13T02:03:29.641Z,cmqbpmwuk010z0mmg98ivp418
—,1,40,1,1,2026-06-16T20:55:45.615Z,cmqh4eh1y01xq0mt4quwckmww
spanner_boy,1,40,1,1,2026-06-05T16:16:03.286Z,cmq14fw7w00070mo1sq1rcwyq
—,1,40,1,1,2026-06-07T19:53:45.455Z,cmq4778lw01br0mmu5vewt49c
lucky_winner_93,1,40,1,1,2026-06-03T19:07:58.245Z,cmpyfursn00ha0mlb3fdjhyx8
ghost,2,41,1,1,2026-06-11T19:27:25.968Z,cmpzqz1xu003u0ms0vsd0l321
golden,1,41,1,1,2026-06-08T18:01:25.257Z,cmpybni6e008f0mlbed95c4yt
Annointed1,1,41,1,2,2026-06-05T08:32:52.988Z,cmq0o0mes00ss0ms0tk497erl
—,1,41,1,1,2026-06-11T09:57:07.195Z,cmq5e25im00be0mqudqxzovy0
sharp_boss_92,1,41,1,1,2026-06-03T15:30:28.195Z,cmpy80k5w000u0mlbg6v2eboc
—,1,41,1,1,2026-06-16T20:56:22.283Z,cmqh4e5gg01xp0mt4bsrfipcl
—,1,41,1,1,2026-06-15T12:38:35.026Z,cmqf77znu00yy0mt4im4qehne
Sethonyi,1,41,1,9,2026-06-19T17:22:00.656Z,cmql729ql00ax0rqym5gu44ns
—,2,42,1,1,2026-06-15T07:55:40.135Z,cmq2ppkzr00pz0mmu5zdg4ptc
Bashtech,1,42,1,2,2026-06-16T21:09:25.674Z,cmqbc0ah500wf0mmgq2qrf6ww
MhizWealth,1,42,1,2,2026-06-19T19:18:18.551Z,cmqlb8h5z01pp0rqy0akkwube
bright_hero,1,42,1,1,2026-06-03T16:01:40.193Z,cmpy95wth003q0mlboas7img1
—,1,42,1,1,2026-06-09T08:00:57.705Z,cmq6cj09j00n80mqusjacvki4
justbeginner,1,42,1,1,2026-06-12T18:25:13.977Z,cmqb998hx00vh0mmgk0h5i2xe
—,2,43,1,1,2026-06-21T18:56:22.067Z,cmq7vhtol00gj0mobwfkgb6fm
—,1,43,1,1,2026-06-16T21:17:05.675Z,cmqh55mff01yb0mt4hut1o4cg
youngboss,1,43,1,1,2026-06-13T08:25:18.027Z,cmqc38pak01750mmgg72as6ny
—,1,43,1,1,2026-06-18T02:26:26.557Z,cmqivo03t02lg0mt4h7zc2ux3
bright_legend_58,1,43,1,1,2026-06-04T01:32:48.263Z,cmpytlhej00yb0mlbkqa5peu5
Alora22,1,44,1,2,2026-06-16T07:17:11.560Z,cmpzkjahr01x40mlbbjzkkbr1
—,1,44,1,1,2026-06-16T23:12:05.555Z,cmqh99ywt01zr0mt4kzxozn7l
—,1,44,1,1,2026-06-13T09:46:23.245Z,cmqc66abf018e0mmg4ra3n4qk
—,1,44,1,1,2026-06-10T22:08:05.393Z,cmq8m5r6v00we0mobvr7qkhci
syrup_ace_64,1,44,1,1,2026-06-04T03:15:56.853Z,cmpyx9bci011v0mlbxrdlqocg
binary,1,44,1,1,2026-06-08T21:39:17.793Z,cmq47sbes01c00mmuw9dj8cb1
—,1,44,1,1,2026-06-18T03:05:23.453Z,cmqix1qcs02ln0mt43hb15lvb
essop,2,45,1,1,2026-06-04T17:47:54.588Z,cmpz1zjy7017d0mlbq2zu27pq
—,1,45,1,1,2026-06-15T18:02:57.257Z,cmqfisg4b015n0mt4p9tqpmc8
—,1,45,1,1,2026-06-10T19:00:53.568Z,cmq8fo0lv00tm0mobqy60au05
—,1,45,1,1,2026-06-18T05:55:00.351Z,cmqj344ss02mt0mt4iavty7e8
—,1,45,1,1,2026-06-07T06:32:00.648Z,cmq3ejywy00yf0mmutggu89q0
—,1,45,1,1,2026-06-12T04:24:01.306Z,cmqaf7fbi00eq0mmgmm496g7c
—,1,45,1,1,2026-06-17T00:06:40.909Z,cmqhb8f3a020j0mt4y8bb4771
butter_maverick_31,1,45,1,1,2026-06-03T22:23:01.108Z,cmpym4rbr00q60mlbyrht8u56
—,1,46,1,1,2026-06-06T02:18:17.067Z,cmq1q1zzd008u0mmui6u28l3x
—,1,46,1,1,2026-06-15T18:18:40.306Z,cmqfjccln015x0mt4dq8vs1ud
—,1,46,1,1,2026-06-18T06:14:57.238Z,cmqj3s5gw02n10mt4ktp3v9q5
thatboiv,1,46,1,1,2026-06-12T18:02:19.131Z,cmq95v537013m0mobtpzv1xbe
Lemperua,1,46,1,7,2026-06-17T00:57:48.338Z,cmqhd15pd02120mt4s3gwt8v7
—,2,47,1,1,2026-06-07T12:28:05.666Z,cmq1q0o4l008t0mmuw50ryt18
JoelSmart,2,47,1,8,2026-06-23T07:27:21.059Z,cmqhn3kqz023g0mt4cmptsn9k
syrup_maverick,2,47,1,1,2026-06-05T22:55:11.240Z,cmpy7guro000o0mqu2y6azs0z
—,1,47,1,1,2026-06-12T15:07:14.455Z,cmq3xv7jl017a0mmuq6zjw9nl
—,1,47,1,1,2026-06-17T01:19:27.695Z,cmqhdscso021c0mt41ljjz27b
—,1,47,1,1,2026-06-16T07:38:18.546Z,cmqgbxg4w01hq0mt41xnw98oe
lucky_captain_37,1,47,1,1,2026-06-04T09:41:54.455Z,cmpzavywd01kx0mlbwqik4kq4
cosmic_racer_74,1,47,1,1,2026-06-10T14:16:11.214Z,cmpze1hux01ox0mlbdswa9i4d
—,1,48,1,1,2026-06-18T08:29:40.055Z,cmq3zgqr3017z0mmu8gu9jqnm
brave_maverick_21,1,48,1,1,2026-06-03T21:43:32.808Z,cmpyleznk00p30mlb1f4pa4w2
oluwaboy12,1,48,1,1,2026-06-08T16:27:39.253Z,cmpymjonh00qp0mlba31pkspu
SharpWhiz59,1,48,1,2,2026-06-17T02:31:24.295Z,cmqhgevcu02230mt406wizn0s
—,1,48,1,1,2026-06-11T06:43:43.066Z,cmq94njj4012p0mobmfaa70xq
radicaltv09,1,48,1,1,2026-06-05T13:55:42.873Z,cmq0hip0n00n30ms0tu6xtsq0
—,1,48,1,1,2026-06-12T15:26:51.152Z,cmqb2qnio00sr0mmgzg12zj6a
Pure,5,49,1,6,2026-06-18T14:17:59.983Z,cmq1exchu003h0mmupbg7cbty
—,2,49,1,1,2026-06-10T17:42:08.990Z,cmq6cqwo100nc0mqu068e1tg9
—,1,49,1,1,2026-06-05T05:50:49.806Z,cmq0i7ybo00np0ms0gleyowvj
maple_star_96,1,49,1,1,2026-06-04T10:58:53.167Z,cmpzdtsc101oq0mlbeb600lg3
—,1,49,1,1,2026-06-12T14:10:23.193Z,cmqb062ov00ri0mmg1fxlde23
Brume,1,49,1,2,2026-06-17T02:39:54.041Z,cmqfd4c36011z0mt46e4fidlw
olu,1,49,1,1,2026-06-08T17:54:18.909Z,cmpz2juuk01880mlbd4l6i262
crispy_titan_89,1,50,1,1,2026-06-04T12:15:30.401Z,cmpzgj68l01s20mlbow2h3sd0
—,1,50,1,1,2026-06-18T08:51:21.502Z,cmqj9dimc02ou0mt4rprtg8b4
delax,1,50,1,1,2026-06-09T00:24:13.726Z,cmq5w5v1800hv0mqud8nq05vn
—,1,50,1,1,2026-06-11T08:37:43.903Z,cmq98rmti015b0mobtbsb7hq1
abd,1,50,1,1,2026-06-12T09:35:00.491Z,cmqaqbev700kz0mmgihf2fvmq
Pure,5,51,1,3,2026-06-17T05:54:32.488Z,cmq1f5kkz003i0mmuc8mrs9z7
—,1,51,1,1,2026-06-15T21:36:23.064Z,cmqfqcqpm019o0mt4s6drf1d9
—,1,51,1,1,2026-06-06T06:34:51.482Z,cmq1z8n5v00ch0mmur57u6rm8
—,1,51,1,1,2026-06-09T12:51:00.243Z,cmq6myf8i002o0mpafh8ms6vs
syrup_voyager_70,1,51,1,1,2026-06-04T09:55:02.772Z,cmpzbj6q001ls0mlbv7eshw6e
—,1,51,1,1,2026-06-13T07:31:49.799Z,cmqc1dob6015z0mmgtgyb5w9a
—,1,51,1,1,2026-06-18T09:56:22.692Z,cmqjbqu4302ps0mt4g8uxuo9k
neyqi,1,52,1,1,2026-06-18T10:49:00.430Z,cmqjdm5e402qf0mt4ku3jsqd1
—,1,52,1,1,2026-06-15T18:27:10.988Z,cmqfjj6p801650mt4qxolvgwr
sharp_spark_66,1,52,1,1,2026-06-04T11:22:43.573Z,cmpzenqx601q30mlbgw2t1ew8
—,1,52,1,1,2026-06-17T06:48:58.502Z,cmqhplctc024a0mt4gvk8dt0m
—,1,52,1,1,2026-06-09T15:20:53.168Z,cmq6sdo74000b0mobkey9yw82
—,1,52,1,1,2026-06-05T01:45:06.471Z,cmq08sdy000hh0ms0lidznhhd
butter_wizard_29,1,52,1,1,2026-06-13T09:37:23.939Z,cmpzbqfe801m50mlbwgow4np2
mjc,2,53,1,1,2026-06-06T19:46:07.092Z,cmpyfbtb500ga0mlbl78u6elk
—,1,53,1,1,2026-06-11T13:22:10.558Z,cmq1vlhgs00aq0mmuqow193a8
—,1,53,1,1,2026-06-09T00:39:41.387Z,cmq5wv0ye00i50mqudfmjodf0
—,1,53,1,1,2026-06-04T22:17:28.081Z,cmq01uq9f00d20ms0t8gj1u8t
kenya_1,1,53,1,1,2026-06-13T04:50:10.167Z,cmqa2b4im009t0mmgzjdwfcv6
RoyalWizard18,1,53,1,2,2026-06-17T06:56:18.566Z,cmqhpv0na024f0mt4qmck9qgg
—,1,53,1,1,2026-06-13T19:50:30.408Z,cmqcrr89i01kw0mmgu3fhmc27
—,1,53,1,1,2026-06-18T10:57:34.041Z,cmqjdw4zd02qs0mt4urxmb3ge
issy_mimi,1,54,1,1,2026-06-14T15:28:50.189Z,cmqcvrdz401mh0mmgsddcxmvn
—,1,54,1,1,2026-06-18T11:28:52.619Z,cmqjf1epp02rd0mt43yjghzf4
—,1,54,1,1,2026-06-05T20:23:47.600Z,cmq1dei9i002q0mmuoqb8v519
—,1,54,1,1,2026-06-17T09:45:44.156Z,cmqhvweub02620mt4wrpk18f7
—,1,54,1,1,2026-06-08T19:19:58.837Z,cmq5le5gb00dz0mqulbz3ean6
brave_hero_99,1,54,1,1,2026-06-03T22:28:31.103Z,cmpyn0k2f00rc0mlbfs6qv7qa
Fred001,3,55,1,2,2026-06-13T14:54:50.586Z,cmpzj8p3f01vg0mlb8y4v49j7
syrup_voyager_58,2,55,1,1,2026-06-06T00:46:26.130Z,cmpyg606w00hv0mlbkpacv9vf
lordmini,1,55,1,1,2026-06-11T10:27:52.174Z,cmpzga0hc01rw0mlb8b9cliwf
—,1,55,1,1,2026-06-15T21:50:19.817Z,cmqfqwx7x019y0mt47i36qrwp
—,1,55,1,1,2026-06-17T10:43:43.049Z,cmqhxuw77026v0mt40hmch7zu
cosmic_pro,1,55,1,1,2026-06-03T15:53:56.408Z,cmpy8x3j7002y0mlbp1t35fnr
—,1,55,1,1,2026-06-18T11:32:12.954Z,cmqjexs3602rb0mt46r8cbbk7
celestial_kene,1,55,1,1,2026-06-08T08:40:19.912Z,cmq1nsgpf00850mmunuev1hbk
baka,1,56,1,1,2026-06-06T09:30:11.169Z,cmq25frr700fv0mmutib00ovi
—,1,56,1,1,2026-06-18T11:42:28.889Z,cmqjfi4k902rq0mt4ll4jfr79
—,1,56,1,1,2026-06-17T10:58:55.753Z,cmqhyhr4f02710mt4e1zeuo8p
—,1,56,1,1,2026-06-11T12:11:40.594Z,cmq9gfyg1019x0mobfmek4bwp
—,1,57,1,1,2026-06-18T12:04:57.095Z,cmqjfeuz702rp0mt40viaj58w
—,1,57,1,1,2026-06-09T04:51:44.713Z,cmpzsacas00540ms0i115v45o
chinnu_22,1,57,1,1,2026-06-10T01:08:39.237Z,cmq7dcxq300850mobo2qazo24
deadin_x,1,57,1,1,2026-06-17T11:21:20.086Z,cmqhysir302790mt4fg0tulr6
brave_star_27,1,57,1,1,2026-06-04T05:31:39.272Z,cmpz24tlz017h0mlb2yis199p
—,1,58,1,1,2026-06-11T08:25:36.354Z,cmq98ep3o014z0mob4upeuigd
—,1,58,1,1,2026-06-18T12:28:28.505Z,cmqjdsh8h02qm0mt4oja5ie7m
—,1,58,1,1,2026-06-13T09:34:32.374Z,cmq9uqzrg005u0mmgd37eteyj
loaded_diaper,1,58,1,1,2026-06-05T14:01:12.368Z,cmq0z2njz011a0ms03i20i484
jyde,1,58,1,1,2026-06-15T17:12:01.962Z,cmqfgvj68014h0mt45f39mcfz
donna,1,58,1,1,2026-06-09T05:21:54.300Z,cmq0705qa00gs0ms0eu30m7oa
—,1,58,1,1,2026-06-17T12:25:08.313Z,cmq5fbpmm00bs0mqui1uzwjft
bright_voyager_56,1,58,1,1,2026-06-04T07:58:14.534Z,cmpz78j9k01ga0mlbc0rv0i3h
Cashlee1,1,59,1,2,2026-06-17T13:29:00.767Z,cmq0myjz500rp0ms0tyv14i0j
—,1,59,1,1,2026-06-18T14:07:34.989Z,cmqhwmp1c026a0mt4gu1hxhiz
pixel_star_68,1,59,1,1,2026-06-04T07:14:54.337Z,cmpz5tjdo01dx0mlbh831t71d
—,1,59,1,1,2026-06-16T10:48:32.616Z,cmqgiqb4501l90mt48wzkunto
—,1,60,1,1,2026-06-09T01:35:38.134Z,cmq5yqpf700io0mqu6dxl7tqu
—,1,60,1,1,2026-06-16T13:27:25.920Z,cmqgody8f01ol0mt4g8z4f3fd
—,1,60,1,1,2026-06-10T16:21:04.252Z,cmq89xu2700r60mobhnpxc8zx
—,1,60,1,1,2026-06-17T16:12:56.280Z,cmqi9qjr702c50mt4uvzfkka6
—,1,60,1,1,2026-06-12T17:05:16.056Z,cmqb6drkh00u70mmg8xtrmlk5
—,1,61,1,1,2026-06-11T17:03:50.636Z,cmq8962vf00qs0mobwk0kovru
brave_spark_43,1,61,1,1,2026-06-03T14:03:38.560Z,cmpy4wo0n001b0mmp854xa5ij
—,1,61,1,1,2026-06-07T12:50:25.393Z,cmq3s3esd014h0mmudhxym7va
aya,1,61,1,1,2026-06-05T15:55:19.809Z,cmpzpd26l001r0ms0nb1hee0f
Mooh,1,61,1,16,2026-06-14T03:35:39.041Z,cmpyb2nyh007n0mlbpbgcmkc8
—,1,61,1,1,2026-06-18T15:33:00.197Z,cmqfg87w601460mt4fprk5lbg
—,1,61,1,1,2026-06-17T16:34:23.594Z,cmqiahpdk02cq0mt4kxpctxae
Gibert,2,62,1,2,2026-06-19T20:07:16.908Z,cmqh4ruen01xz0mt4gy7bmdk3
—,1,62,1,1,2026-06-11T03:04:43.990Z,cmq8wyup100zt0mobaejymjdu
—,1,62,1,1,2026-06-18T16:05:09.848Z,cmqjous9d02vn0mt49gykssjs
brave_captain_97,1,62,1,1,2026-06-04T02:01:45.395Z,cmpyulckp00zb0mlb1ga1jm41
—,1,62,1,1,2026-06-08T21:21:12.770Z,cmq5psaev00fu0mqubeoj8ghz
afro,1,62,1,1,2026-06-06T00:49:51.327Z,cmq1muucz007o0mmuey4ch1f2
butter_pro,2,63,1,1,2026-06-05T04:05:29.732Z,cmpy83tyd00130mlbqco3w3cf
crispy_racer_49,1,63,1,1,2026-06-03T19:53:00.107Z,cmpyhf00h00jx0mlb7mhvjd5v
—,1,63,1,1,2026-06-18T01:05:31.119Z,cmqisrd9u02k70mt4viql3xmp
—,1,63,1,1,2026-06-15T00:21:47.302Z,cmqegvas000oa0mt4z9wfy9k6
—,1,63,1,1,2026-06-10T14:10:31.112Z,cmq022b2300d50ms0n43s9waq
—,1,63,1,1,2026-06-18T16:47:41.159Z,cmqjqfei202w30mt4296de4zd
turbo_hero_89,2,64,1,1,2026-06-18T17:16:56.295Z,cmpy86fkb00190mlbl7pknura
mighty_maverick,2,64,1,1,2026-06-05T12:55:32.891Z,cmpy6dljp00260mpdxmz22p2a
clever_racer_20,1,64,1,1,2026-06-06T06:32:33.492Z,cmpzbvph301md0mlbargy7fqj
—,1,64,1,1,2026-06-11T12:57:53.510Z,cmq87l2fn00pw0mob9o39l3hi
—,1,64,1,1,2026-06-15T13:31:48.559Z,cmqf921wc00zz0mt4woh4k747
—,1,64,1,1,2026-06-08T23:08:10.147Z,cmq5tm8zu00h10mqu9ssjheag
Khalipha,5,65,3,5,2026-06-23T06:03:38.238Z,cmpy6o074002u0mpdq19k0ru4
stacked_spark_76,2,65,1,1,2026-06-12T15:05:32.038Z,cmpz66c7w01ek0mlbct5a2v2n
—,1,65,1,1,2026-06-11T01:50:29.033Z,cmq8u9vln00yx0mob6ay7tdpw
—,1,65,1,1,2026-06-18T17:27:25.250Z,cmq8nhluy00x40mobcw5ljgaa
pixel_captain_38,1,65,1,1,2026-06-04T03:22:40.981Z,cmpymitoa00qo0mlbwj0ivvpz
douglas_mcclauck,1,65,1,1,2026-06-16T04:12:36.794Z,cmqdc7oje00450mt4za1zg96l
andy_best,1,66,1,1,2026-06-05T04:22:53.490Z,cmpzsq0o6005n0ms08m5r4fzv
sharp_champ_28,1,66,1,1,2026-06-03T22:10:43.666Z,cmpymdnx700qh0mlbc5nsp8q7
—,1,66,1,1,2026-06-12T21:24:10.389Z,cmqbflp5h00xi0mmggou2obg3
—,1,66,1,1,2026-06-18T17:29:27.973Z,cmqjrxpws02wn0mt463gthsvc
—,1,66,1,1,2026-06-13T22:55:05.226Z,cmqa44trq00am0mmgbnk111xs
—,1,66,1,1,2026-06-08T15:31:00.255Z,cmq5d62vv00av0mqu09h6unbw
Bryt,3,67,1,1,2026-06-08T17:14:14.208Z,cmpyr522i00vc0mlb3j8gj0bj
—,1,67,1,1,2026-06-16T06:04:39.015Z,cmqg8jzta01ga0mt4upo86oz7
—,1,67,1,1,2026-06-18T19:49:17.280Z,cmqjwv1ri02yb0mt4h1v7eump
john,1,67,1,1,2026-06-09T05:11:16.091Z,cmq66atp500kr0mqurjcvn2qx
—,1,67,1,1,2026-06-13T04:18:51.155Z,cmqbugt7w01250mmg0sb6gkww
pat_luv,1,68,1,1,2026-06-18T20:23:39.899Z,cmqgyife001v50mt4dtwq5urn
syrup_boss_38,1,68,1,1,2026-06-03T18:10:52.812Z,cmpydt4k600d20mlbufnkpbs8
—,1,68,1,1,2026-06-10T14:04:25.231Z,cmq852l1400np0mob0n2frwjl
—,1,68,1,1,2026-06-06T04:23:27.562Z,cmq0btf4m00iy0ms0vka63ypk
—,1,68,1,1,2026-06-14T04:58:55.562Z,cmqdbbus7003q0mt48gf73dpu
—,1,68,1,1,2026-06-06T18:36:46.392Z,cmq2kt0bp00nt0mmuz2rh3oo8
—,1,68,1,1,2026-06-13T03:22:59.849Z,cmqbseslm011p0mmggsj9nwdk
webusy,1,69,1,1,2026-06-06T19:06:03.914Z,cmq2q3ipk00q90mmu1x8aul5t
kam,1,69,1,1,2026-06-11T13:42:29.867Z,cmq9jougo01d10mobgi61bi6i
goonshantel,1,69,1,1,2026-06-05T12:21:26.636Z,cmq0w608600z80ms0ff7k82it
maple_legend_45,1,69,1,1,2026-06-03T16:49:10.660Z,cmpyavrm8007c0mlb6nos4pgv
Marasoto,1,69,1,31,2026-06-18T21:51:20.274Z,cmqk19o3502zx0mt499ob2n7w
clever_star_70,1,69,1,1,2026-06-12T08:51:43.201Z,cmpz08p2301520mlbk57v4qnc
Mrriks,1,69,1,2,2026-06-15T11:36:06.754Z,cmqf4yxon00xr0mt4end8zvjq
—,1,70,1,1,2026-06-13T07:31:08.306Z,cmqc1c1rb015y0mmgbe8dlg4c
—,1,70,1,1,2026-06-05T23:41:58.359Z,cmq1khxko006g0mmuwg2ftmjb
—,1,70,1,1,2026-06-15T20:07:21.244Z,cmqfn7up601890mt4r7r1kh41
—,1,70,1,1,2026-06-10T22:26:02.207Z,cmq2goox600lx0mmucc48szcv
pixel_pro_42,1,70,1,1,2026-06-04T06:49:37.432Z,cmpz4tyet01c70mlbsopopwbd
—,1,71,1,1,2026-06-06T20:08:16.853Z,cmq2s98c700ra0mmutb1rs2i4
nwauche,1,71,1,1,2026-06-05T07:40:47.782Z,cmpzdilou01o50mlbxvyiwypy
LuckyWhiz11,1,71,1,6,2026-06-18T22:46:27.519Z,cmqk38t7k030p0mt4cfkb4mhf
—,1,71,1,1,2026-06-16T01:13:11.872Z,cmqegkpbw00o60mt4vv41jtjb
sharp_hero_44,1,71,1,1,2026-06-04T10:39:36.530Z,cmpyjjxyv00mh0mlb0xqvdzfc
—,1,71,1,1,2026-06-13T12:58:08.194Z,cmqcczle101bt0mmg3t2p9sv3
—,1,72,1,1,2026-06-06T22:32:24.772Z,cmq2xgagg00st0mmub0jmwvry
—,1,72,1,1,2026-06-18T23:16:22.230Z,cmqk4b6vw03130mt4p8ci02vj
bumblebeequeen,1,72,1,1,2026-06-04T14:04:08.620Z,cmpzkfmy601wz0mlbyz2qkr1d
Jomuri,1,72,1,2,2026-06-10T20:22:32.210Z,cmq00hbjn00cb0ms0wiw6tqh5
—,1,72,1,1,2026-06-13T13:15:50.471Z,cmqcdk6ul01c70mmgmfl6doqi
lucky_champ_93,1,72,1,1,2026-06-04T01:12:15.010Z,cmpysu8u400xm0mlbase04kgj
pepe,1,72,1,1,2026-06-14T07:16:04.059Z,cmqdg73w2005w0mt4xekr6qtq
QuickWaffle48,1,73,2,2,2026-06-19T00:25:54.048Z,cmqk6seh703220mt4u7wroskz
—,1,73,1,1,2026-06-12T13:41:47.172Z,cmq18ltf100040mmu1ost1doh
—,1,73,1,1,2026-06-06T23:44:16.317Z,cmq2zyqaf00u00mmu936yudzg
clever_hero_20,1,73,1,1,2026-06-04T07:28:13.671Z,cmpz6axjm01et0mlbcbh9q8ih
—,1,73,1,1,2026-06-15T05:29:52.070Z,cmqerveih00ry0mt4ucxaira5
—,1,73,1,1,2026-06-10T13:29:20.200Z,cmq83q8hu00mr0mobolx1ln6z
swift_ace_70,1,73,1,1,2026-06-04T14:07:18.589Z,cmpzkjkz601x60mlb62zk3845
pinkybella,2,74,1,1,2026-06-15T11:29:29.204Z,cmq9t4jlu00540mmg8pg2ue3m
tamzy,1,74,1,1,2026-06-07T01:55:34.904Z,cmq34onlq00vc0mmu7f0wo43d
bomscc,1,74,1,1,2026-06-11T05:48:04.957Z,cmq92mxn1011r0mobz756b85q
—,1,74,1,1,2026-06-19T00:40:07.957Z,cmqk7axf503280mt4vz2tuueb
mighty_boss_71,1,74,1,1,2026-06-04T14:16:00.018Z,cmpzkut8101xd0mlbyjt7mqdz
—,1,74,1,1,2026-06-15T20:01:15.140Z,cmqfmxrg3017z0mt43fuoqd9l
crispy_blitz_92,1,74,1,1,2026-06-04T13:10:06.109Z,cmpzihzrc01ur0mlbhukrnghf
jas,1,75,1,1,2026-06-07T02:55:16.004Z,cmq36sqld00vt0mmu8rbyv5lm
—,1,75,1,1,2026-06-12T13:12:16.343Z,cmqay1aqy00q80mmgp0et18gm
sharp,1,75,1,1,2026-06-03T17:52:48.231Z,cmpyd2dfe00bn0mlbbwga3xlu
bbvfy,1,75,1,1,2026-06-04T14:29:19.916Z,cmpzlcg6v00060mo1j1kc25cu
Lady,1,75,1,2,2026-06-15T09:04:05.929Z,cmqezia6z00vl0mt4wy38m6r7
—,1,75,1,1,2026-06-11T00:42:27.404Z,cmq7pk0qq00cw0mob5z8ajksd
Oliver,1,75,1,11,2026-06-19T02:15:13.450Z,cmqkalcz603320mt4tkfmbwjb
sam_puch01,1,76,1,1,2026-06-19T03:47:06.976Z,cmqkdynhp033p0mt47c4yusxe
—,1,76,1,1,2026-06-04T14:33:36.905Z,cmpzlhr80000c0mo1o5wc6y94
clever_voyager_80,1,76,1,1,2026-06-04T06:49:24.017Z,cmpz4wo4j01cf0mlbd3dqizgw
impecacy,1,76,1,1,2026-06-11T15:54:48.488Z,cmq9nw0uu000a0mmghwcflev8
iyore,1,76,1,1,2026-06-07T05:06:18.252Z,cmq3b5r0u00x10mmu14bb22dg
—,1,76,1,1,2026-06-15T18:21:06.491Z,cmqfjfo3901610mt48py2njmn
aretha345,1,77,1,1,2026-06-19T07:17:39.265Z,cmqklhvg3035q0mt4csj88kh6
—,1,77,1,1,2026-06-07T05:15:11.163Z,cmq3bumkg00xc0mmur6e08hea
—,1,77,1,1,2026-06-10T19:27:54.012Z,cmq8gj09z00u10mob8ynnv99a
aniefiok2000,1,77,1,1,2026-06-12T12:32:00.798Z,cmpye70s000dv0mlbxhvigv4t
—,1,77,1,1,2026-06-15T22:58:43.824Z,cmq1az1bx00130mmum030ap5f
—,1,77,1,1,2026-06-04T14:39:43.138Z,cmpzlpdxf000k0mo11kv8unrp
butter_hero_67,1,77,1,1,2026-06-03T17:37:42.490Z,cmpycmhaq00ao0mlbvzwuhjmy
bright_titan_68,2,78,1,1,2026-06-04T16:24:36.375Z,cmpy697wz001p0mpd401rudhs
—,1,78,1,1,2026-06-07T06:11:02.180Z,cmq3duqs900y20mmumaj2z80k
crispy_spark,1,78,1,1,2026-06-11T11:09:18.744Z,cmpy79l5n000a0mqu6msgor1x
d4_mein,1,78,1,1,2026-06-11T16:31:11.627Z,cmq9pn3ra002j0mmgxqeuyk9d
—,1,78,1,1,2026-06-16T09:24:43.344Z,cmqgfnxo401jn0mt43ho08ocg
—,1,78,1,1,2026-06-04T14:44:12.107Z,cmpzlu5n0000n0mo1qy52ppkl
Favvy,1,78,1,1,2026-06-19T08:18:52.969Z,cmqknnaul036f0mt4w65b3qqd
—,1,79,1,1,2026-06-07T06:21:34.656Z,cmq3e5ptj00y80mmu9jqnj0we
swift_legend_47,1,79,1,1,2026-06-04T00:25:24.310Z,cmpyr6tzp00vj0mlbtb4act39
—,1,79,1,1,2026-06-14T18:12:32.797Z,cmqcxflya000f0mq8ttihdsgf
BoldPanda38,1,79,1,2,2026-06-19T09:11:50.022Z,cmqkplal303750mt41aqbmcxb
—,1,79,1,1,2026-06-11T05:31:06.151Z,cmq92581t011f0mobt1doi6wx
—,1,79,1,1,2026-06-04T14:52:29.970Z,cmpzm58cr000x0mo13v0wtnmn
—,1,79,1,1,2026-06-13T07:07:29.989Z,cmqc0dfgh015f0mmgq4c2wpav
business,2,80,1,1,2026-06-14T14:57:10.143Z,cmpy79chc00090mqul8on6we6
JohnnambaJoseph,1,80,1,4,2026-06-10T19:47:39.175Z,cmq8haow300uh0mobrl5imz68
dlion32,1,80,1,1,2026-06-07T07:59:55.437Z,cmpysiuk100xf0mlb6syx8u4e
—,1,80,1,1,2026-06-04T15:23:09.944Z,cmpzn8rax00080mn34jhomt6m
turbo_pro_51,1,80,1,1,2026-06-04T07:22:11.179Z,cmpz62wmc01ef0mlbrala1kl3
yusuf,1,81,1,1,2026-06-11T04:53:45.999Z,cmq3eo8n600yk0mmudnlfqzku
—,1,81,1,1,2026-06-04T15:38:56.227Z,cmpznsz9f000d0ms0l79veaoc
swift_titan_65,1,81,1,1,2026-06-03T18:32:36.959Z,cmpyehr3q00ex0mlbh6hoot3c
—,1,81,1,1,2026-06-12T13:04:06.593Z,cmqaxqgl100py0mmgkjkcsphd
butter_captain_53,1,81,1,1,2026-06-15T20:02:02.932Z,cmpzg3hf401rp0mlbe0lb6dvj
—,1,81,1,1,2026-06-07T09:34:12.703Z,cmq17d6rc00000mn2yzgdbkat
Shadow,1,81,1,2,2026-06-19T10:01:40.125Z,cmqevqg9i00tw0mt4lv3q63nx
—,1,82,1,1,2026-06-07T10:01:50.365Z,cmq3m0xcg011n0mmuz36qunik
youngofofender,1,82,1,1,2026-06-12T11:55:44.275Z,cmq0i4rrl00nm0ms07yf6q7v0
—,1,82,1,1,2026-06-15T21:49:51.091Z,cmqfqx3jo019z0mt4v1dg3xk7
mighty_spark_53,1,82,1,1,2026-06-03T18:28:29.058Z,cmpyeehgn00eg0mlbjh16rxve
—,1,82,1,1,2026-06-10T14:11:35.563Z,cmq85bxpo00o70mobu7q8qils
—,1,82,1,1,2026-06-19T10:02:24.874Z,cmqkre07v03820mt4sr85qj7k
WittyBrain65,2,83,1,3,2026-06-07T11:46:42.779Z,cmpyt1l9j00xv0mlb5b39ts1k
—,1,83,1,1,2026-06-19T10:23:19.918Z,cmqks1css038i0mt4x5o9n0vk
ibee,1,83,1,1,2026-06-04T16:31:55.337Z,cmpzplcqo00230ms054bs8gue
—,1,83,1,1,2026-06-11T16:47:34.928Z,cmq9qcfsa003c0mmgufur024l
Ebie,1,83,1,4,2026-06-10T17:49:36.234Z,cmq8d3f2f00sq0mobkzpufovp
—,1,83,1,1,2026-06-16T13:51:32.140Z,cmqgp96w701pi0mt4fnk4fcgz
—,1,84,1,1,2026-06-07T14:54:00.540Z,cmq3wiiej016g0mmuy9nauuhp
—,1,84,1,1,2026-06-19T10:49:50.847Z,cmqkt281803910mt4znthojbl
mason_bacon,1,84,1,1,2026-06-12T20:54:37.072Z,cmqbekckb00x60mmg8qoggwwl
GoldenAce51,1,84,1,2,2026-06-15T06:50:46.364Z,cmqarla5n00m10mmgisems0bl
golden_winner,1,84,1,1,2026-06-03T18:28:54.412Z,cmpyegfez00er0mlbbqhhekqm
prime,1,84,1,1,2026-06-04T16:34:44.612Z,cmpzpoyl600260ms0gb641wli
crispy_acr,1,84,1,1,2026-06-10T14:21:55.405Z,cmq85pjl400oj0mobtvk8z4lc
—,1,85,1,1,2026-06-04T16:54:10.403Z,cmpzqhn6k002y0ms0hmrih8h5
—,1,85,1,1,2026-06-16T06:05:20.354Z,cmqdomuep00a60mt4w8i90on4
—,1,85,1,1,2026-06-07T15:32:02.346Z,cmq3xukep01790mmuv3j0p9u4
—,1,85,1,1,2026-06-19T11:06:23.092Z,cmqktnq0c039f0mt4rbrv2im4
—,1,85,1,1,2026-06-13T10:00:42.397Z,cmqc6o269018s0mmggz65kgj6
younme,1,85,1,1,2026-06-10T06:32:11.791Z,cmq7ovr9300c70mob2vl24jgh
sharp_winner_48,1,85,1,1,2026-06-04T12:22:11.990Z,cmpzgrsh401sf0mlbcidb8w5o
Raydiamond,2,86,11,5,2026-06-22T23:19:35.202Z,cmq2clq7f00ji0mmu8ww1ql39
—,1,86,1,1,2026-06-11T14:35:20.290Z,cmq9lmq2y01e90mob1ld3luhe
marvvo,1,86,1,1,2026-06-07T15:45:23.162Z,cmq0q8sep00uo0ms0zu9xiqdj
—,1,86,1,1,2026-06-04T16:58:45.794Z,cmpzqmz00003a0ms03swoysvi
—,1,86,1,1,2026-06-10T12:33:09.506Z,cmq81sui500la0mobeh751sqd
swift_star,1,86,1,1,2026-06-03T17:16:53.866Z,cmpybuur2008x0mlb4db2nmx4
Paul,1,86,1,2,2026-06-19T12:15:37.168Z,cmqk3z8rt030y0mt4nhambvzb
love,2,87,1,1,2026-06-11T04:42:27.176Z,cmq41ebmq01900mmuvhlq7z1r
—,1,87,1,1,2026-06-10T11:26:55.363Z,cmq7zfn2500jo0mob6gwuwx0i
pixel_ace,1,87,1,1,2026-06-04T02:43:25.437Z,cmpycqv0h00az0mlby577nab7
—,1,87,1,1,2026-06-15T08:42:43.978Z,cmqdysij100fn0mt4uky2j53b
bolu001,1,87,1,1,2026-06-04T17:04:25.968Z,cmpzqri62003f0ms0fnj21yd9
—,1,87,1,1,2026-06-19T12:22:26.399Z,cmqkwdyrv03af0mt4bmgto1w5
—,1,87,1,1,2026-06-11T14:45:53.052Z,cmq9lzecq01ed0mobr8678c4y
filippo04,1,88,1,1,2026-06-04T17:24:16.718Z,cmpzrgrv6004e0ms0ndhbb5td
ruby,1,88,1,1,2026-06-11T12:57:52.104Z,cmq1v6h9a00ak0mmuumetos0x
—,1,88,1,1,2026-06-16T08:24:35.848Z,cmqd4b6wl00230mt4v4iq35mr
lazzyboy2,1,88,1,1,2026-06-07T17:45:13.415Z,cmq422bes019f0mmu26tkagvl
—,1,88,1,1,2026-06-11T15:10:34.124Z,cmq9mvro701ev0mobd4smjdqj
swift_wizard_89,1,88,1,1,2026-06-03T18:53:15.967Z,cmpyfayi400g80mlbnmhlsbqf
abu,1,88,1,1,2026-06-19T12:47:34.524Z,cmqkx6ivr03au0mt4aazec1oc
Kill_b,1,89,3,7,2026-06-03T17:48:26.710Z,cmpycz03s00bi0mlbj4ghav70
—,1,89,1,1,2026-06-11T15:41:53.686Z,cmq9o0iox000k0mmgwvu7vgh9
—,1,89,1,1,2026-06-11T07:01:16.191Z,cmq95cpfj01370mob0v9moa5r
—,1,89,1,1,2026-06-07T23:24:33.890Z,cmq4epldj01eo0mmukesmezbe
SwiftPanda52,1,89,1,2,2026-06-19T15:36:47.419Z,cmql3bgmn00cc0rpg856tasi3
—,1,89,1,1,2026-06-15T10:39:50.624Z,cmqf2yrjr00ws0mt4gm6sjuaj
—,1,89,1,1,2026-06-04T17:44:30.876Z,cmpzsbgm800570ms0a06s7tll
Happy,1,90,1,9,2026-06-19T15:39:16.945Z,cmql3cxwr00ct0rpgaevk3r20
—,1,90,1,1,2026-06-04T18:57:23.299Z,cmpzutct700740ms0iygdm3wc
—,1,90,1,1,2026-06-15T19:38:47.278Z,cmqfm7oel017i0mt4iotvbnl5
—,1,90,1,1,2026-06-10T15:24:19.278Z,cmq0cce9n00jb0ms0jt91zktz
—,1,90,1,1,2026-06-08T00:18:37.849Z,cmq4cun7q01e20mmud1f1hyx3
—,1,90,1,1,2026-06-11T15:45:28.102Z,cmq9o4c13000r0mmgpx4jthvx
WittyTiger45,1,91,4,5,2026-06-19T15:46:04.674Z,cmql3gh8b00e80rpgka12q8j3
princess,1,91,1,1,2026-06-15T07:44:29.027Z,cmqewovpz00ub0mt4qyhk9dkv
—,1,91,1,1,2026-06-08T02:44:33.662Z,cmq4lw22d001a0mqutp7omlwq
pixel_blitz_42,1,91,1,1,2026-06-03T18:27:22.727Z,cmpyebt4x00e80mlbbx1cqim2
—,1,91,1,1,2026-06-11T15:46:49.589Z,cmq9o6iuk000w0mmgcdxjczka
—,1,91,1,1,2026-06-04T19:12:33.516Z,cmpzvfnd1007q0ms06873nbbg
sharp_spark_34,1,92,1,1,2026-06-13T17:07:21.384Z,cmpyc7x6v009t0mlbhpb8wuvf
—,1,92,1,1,2026-06-04T19:39:04.511Z,cmpzwd045008t0ms0zr6sa43w
—,1,92,1,1,2026-06-11T15:50:09.074Z,cmq9oada500100mmgi08ei2go
Enocris02,1,92,1,2,2026-06-08T04:49:27.639Z,cmpz0kk2w015n0mlb6evwqxq4
mia_nells,1,92,1,1,2026-06-11T12:44:56.010Z,cmq9hkov601aj0mob6xkecpxv
—,1,93,1,1,2026-06-11T16:09:14.299Z,cmq9oyk3q001u0mmgjy59gset
—,1,93,1,1,2026-06-08T04:53:00.315Z,cmq4qgui500280mqug5wed6do
osmanahmedkoranegmai,1,93,1,2,2026-06-19T17:47:52.695Z,cmql7y1vm00mz0rqyw3r28cuv
syrup_hero_78,1,93,1,1,2026-06-04T12:46:22.628Z,cmpzhnmsa01tq0mlbanjvcv1u
—,1,93,1,1,2026-06-11T03:39:58.628Z,cmq8y7tpp01060mobb2pfhng2
—,1,94,1,1,2026-06-08T04:56:27.741Z,cmq4qltzu002c0mqu24f9jtx7
—,1,94,1,1,2026-06-10T16:10:39.866Z,cmq89jm9400r00moblk1g4cl7
swift_titan,1,94,1,1,2026-06-03T14:08:27.508Z,cmpy54hzf001o0mmp9lnik073
Oan,1,94,1,6,2026-06-19T18:40:30.211Z,cmql9vepp01840rqyq1gkv846
—,1,94,1,1,2026-06-15T19:03:42.958Z,cmqfkxidn016y0mt4p5a44iu2
—,1,94,1,1,2026-06-11T16:44:12.358Z,cmq9q3e93002x0mmgblzv8d5o
mthobs2996,1,95,1,1,2026-06-11T07:57:02.197Z,cmpzqsgkj003i0ms08qpr6wus
crispy_boss_83,1,95,1,1,2026-06-04T02:14:13.650Z,cmpyv2ux700zu0mlbkgegy1vf
—,1,95,1,1,2026-06-11T16:50:40.017Z,cmq9qgmfk003h0mmgys0cyv23
—,1,95,1,1,2026-06-08T05:01:54.945Z,cmpztpaon00690ms07soh4gas
—,1,95,1,1,2026-06-14T18:56:32.648Z,cmq9bc77301770mob8mndr9qa
qwamzy,1,95,1,2,2026-06-19T20:03:48.900Z,cmqlcuui902300rqy8fkdg29m
turbo_voyager_35,1,96,1,1,2026-06-04T03:24:52.184Z,cmpyxl5vu01250mlbk6kwvlq7
—,1,96,1,1,2026-06-15T13:57:22.068Z,cmqfa05am010k0mt40t19j5ji
Prossy,1,96,1,1,2026-06-11T17:21:39.951Z,cmq84qcof00nb0mobrlfgqeac
—,1,96,1,1,2026-06-04T20:08:08.209Z,cmpzx87vr009o0ms0ntv8c8w6
—,1,96,1,1,2026-06-08T05:10:12.680Z,cmpzrsd6m004r0ms00aqkgg7c
—,1,97,1,1,2026-06-04T20:16:17.165Z,cmpzxnze800a00ms0h9f2lek1
—,1,97,1,1,2026-06-15T17:50:24.832Z,cmqficati01570mt41hwmt6fs
—,1,97,1,1,2026-06-08T05:59:00.224Z,cmq4stsab00300mqulmordrh6
—,1,97,1,1,2026-06-10T06:48:57.688Z,cmq7opgyc00by0mobeho6ojds
—,1,97,1,1,2026-06-11T19:21:00.117Z,cmq9vtto300650mmguenmcc8b
pixel_pro,1,97,1,1,2026-06-03T15:51:04.785Z,cmpy8rx6y002p0mlb39hjoz5u
Woleola,1,97,1,2,2026-06-19T20:37:38.253Z,cmqle2ojn02hw0rqyf5acnmjo
—,1,98,1,1,2026-06-13T14:05:05.662Z,cmqcff7hr01dq0mmgdnhorafq
Junior,1,98,1,2,2026-06-19T20:55:09.156Z,cmqlel1wm02mc0rqy44adghrn
cjotf,1,98,1,1,2026-06-11T19:29:47.935Z,cmq9w4w2b006j0mmgpo67hq6l
—,1,98,1,1,2026-06-11T06:53:28.181Z,cmq95480101300mob6w3da2w7
stacked_spark_73,1,98,1,1,2026-06-03T22:33:22.124Z,cmpyn6dwb00rp0mlbngs1nqvs
—,1,98,1,1,2026-06-08T07:46:21.048Z,cmq4wozym004e0mqunclh6tq4
—,1,98,1,1,2026-06-04T20:59:25.867Z,cmpzz6u1h00b70ms00h2k5rf8
Schoolboy,1,99,1,2,2026-06-19T21:09:06.132Z,cmqi5a31c02aa0mt4r19ya3p6
SpenZA,1,99,1,4,2026-06-08T07:59:00.275Z,cmq4x38a3004l0mqukt9uut7j
—,1,99,1,1,2026-06-13T15:31:17.806Z,cmqcih9g301f70mmgp42vegbw
stacked_captain_76,1,99,1,1,2026-06-04T21:10:57.825Z,cmpypq0yd00ty0mlbi522owwd
BravePanda28,1,99,1,3,2026-06-11T19:41:46.936Z,cmq9wk0oh006v0mmg442wsr3b
mighty_wizard_13,1,99,1,1,2026-06-04T11:15:18.080Z,cmpzeez3901pr0mlb2pwrdqox
mighty_wizard_93,2,100,1,1,2026-06-08T08:42:00.250Z,cmpyqtne700uy0mlbhgm1lmvj
—,1,100,1,1,2026-06-13T16:07:22.156Z,cmqcjs51d01fw0mmgvnb6gt3s
—,1,100,1,1,2026-06-11T11:05:23.170Z,cmq9e1wwu018p0mobyyiw0pno
Januzaj,1,100,1,6,2026-06-19T21:22:41.511Z,cmqlfny0x02x90rqy4ronpcei
—,1,100,1,1,2026-06-11T20:42:47.818Z,cmq9yq28q007z0mmg7zjwlen2
stacked_wizard_78,1,100,1,1,2026-06-04T07:09:03.956Z,cmpz5m2qs01di0mlbgs3mnajo
flsk,1,100,1,1,2026-06-04T21:26:36.531Z,cmq003q6100c00ms0t96r81jk
—,1,101,1,1,2026-06-11T20:56:22.099Z,cmq9z887r008b0mmgb2qroqot
—,1,101,1,1,2026-06-04T21:35:20.328Z,cmq008ube00c40ms0i10ds9ee
SharpTiger42,1,101,1,2,2026-06-13T17:20:50.309Z,cmpzs8d2o00530ms00l5bqrvu
—,1,101,1,1,2026-06-11T07:08:32.513Z,cmq95m2y8013h0mobibfm0ywd
henryx,1,101,1,1,2026-06-08T08:59:33.927Z,cmq4z6hu3005h0mqufo230jq0
Mathstus,1,101,1,6,2026-06-19T22:24:11.228Z,cmqlhubpz03k30rqykfd3x3hy
maple_captain_86,1,102,1,1,2026-06-04T06:59:39.056Z,cmpz57wu801d10mlbu0u33zyj
Luks,1,102,1,2,2026-06-19T23:33:24.945Z,cmqlkazl5005z0rp46tk2po97
—,1,102,1,1,2026-06-10T19:17:29.880Z,cmq8g6llz00tt0mobagq9bjab
—,1,102,1,1,2026-06-13T17:23:13.982Z,cmqcmhs7r01hk0mmguvf2vawp
—,1,102,1,1,2026-06-08T10:35:24.126Z,cmq43jud001ae0mmugz5ffpcp
—,1,102,1,1,2026-06-11T21:32:27.984Z,cmq9o1lgi000o0mmgkadbztqn
—,1,102,1,1,2026-06-04T21:59:42.384Z,cmq01dk6v00cs0ms0vgh0jbro
—,1,103,1,1,2026-06-11T08:54:49.339Z,cmq99fslj015z0mob7gy0qk8j
—,1,103,1,1,2026-06-08T10:52:00.260Z,cmq0u00tw00xa0ms0ofpjik3j
Philisiwe,1,103,1,2,2026-06-20T04:32:01.027Z,cmqluz1gj01qq0rpllavv92c7
—,1,103,1,1,2026-06-13T17:42:37.795Z,cmqcn7dh901i00mmgr581wney
—,1,103,1,1,2026-06-04T22:30:37.754Z,cmq02fnca00dm0ms0nkd8p0u2
CrispyBishop31,1,103,1,2,2026-06-11T21:43:51.705Z,cmqa0wbwj00940mmggybnw3f0
bright_ace_38,1,103,1,1,2026-06-04T09:53:27.543Z,cmpzbhcmy01lp0mlbjwjgdap6
—,1,104,1,1,2026-06-04T22:56:12.377Z,cmq03fsp900eg0ms0gxzz3tln
holy_diamond,1,104,1,1,2026-06-03T17:59:50.187Z,cmpyddz6b00cc0mlbwnc2q5rr
fancy,1,104,1,2,2026-06-20T05:48:07.225Z,cmqlxpyjo02de0rplcdag8n0o
—,1,104,1,1,2026-06-11T09:24:05.115Z,cmq9ahjrq016o0mob5sarmxg3
turbo_voyager_23,1,104,1,1,2026-06-08T10:59:52.219Z,cmpz1jnun016w0mlb07qxnxfu
edos,1,104,1,1,2026-06-11T23:16:39.322Z,cmqa44ul600an0mmg2xwdsblr
—,1,104,1,1,2026-06-13T17:44:05.965Z,cmqcn6u1y01hz0mmgl1je84ul
gabriel007,1,105,1,1,2026-06-13T17:54:42.705Z,cmq3yji0r017n0mmuf3o650t6
—,1,105,1,1,2026-06-10T16:34:42.045Z,cmq8af9wq00rl0mobagyh9j34
—,1,105,1,1,2026-06-08T13:03:19.619Z,cmq580b1x008n0mqulkskotqt
—,1,105,1,1,2026-06-04T23:02:59.107Z,cmq03nzgz00el0ms08ad6ohbx
—,1,105,1,1,2026-06-12T01:15:07.512Z,cmqa8hhey00cj0mmgbqgzy179
Jully,1,105,1,2,2026-06-20T06:07:29.114Z,cmqlyclzi02i90rpl6nm8nz24
maple_captain_82,1,105,1,1,2026-06-03T22:08:56.201Z,cmpym9uil00qc0mlbxa84ibq7
jomat061,1,106,1,2,2026-06-08T13:06:19.748Z,cmpzstvee005u0ms0huyew0i7
CleverChamp50,1,106,1,2,2026-06-20T08:18:22.650Z,cmqm33hb903wl0rplhdpwjrup
kiprop,1,106,1,1,2026-06-10T17:37:10.436Z,cmq8ckzi800si0mobcp6z6hhd
pixel_voyager,1,106,1,1,2026-06-03T14:31:04.505Z,cmpy5yl9e00130mpdfgtr0qxl
—,1,106,1,1,2026-06-12T04:14:57.313Z,cmq7es9pm008k0mobcl5xs6rd
—,1,106,1,1,2026-06-04T23:05:05.510Z,cmq03pbn500ep0ms02sdmjau6
—,1,106,1,1,2026-06-13T18:05:51.315Z,cmqcnui1301ii0mmgyhgo97x1
prokid,1,107,1,1,2026-06-04T23:32:42.107Z,cmq04pfff00fg0ms0hr5y74cf
—,1,107,1,1,2026-06-12T05:10:15.515Z,cmq9pjlr6002e0mmgmc0khq2t
—,1,107,1,1,2026-06-13T18:10:02.038Z,cmq6gsyoh000a0mpawmqbiu6x
donlight,1,107,1,1,2026-06-11T08:06:05.105Z,cmq0jo5mx00p00ms0tu2jzcjb
—,1,107,1,1,2026-06-08T14:08:41.093Z,cmq5abv4l009z0mqu3g7cszgf
butter_ace,1,107,1,1,2026-06-03T14:35:38.156Z,cmpy5xafm00110mpd2nwgv39h
—,1,108,1,1,2026-06-13T18:23:39.661Z,cmqcok0ly01iv0mmg0f40gmx6
—,1,108,1,1,2026-06-12T05:12:40.028Z,cmq2745pa00gs0mmugm8t4g0n
Peter_,1,108,1,8,2026-06-20T10:17:00.014Z,cmqm78m6i06540rpljni29zw7
swift_champ_93,1,108,1,1,2026-06-04T06:03:19.419Z,cmpz39jy1019r0mlbmcbi5imt
dollypee77,1,108,1,1,2026-06-08T16:14:00.269Z,cmq0ailg800i90ms0h4mhw8ar
—,1,108,1,1,2026-06-04T23:32:51.808Z,cmq04pwa300fh0ms0wlyefe55
—,1,108,1,1,2026-06-10T14:06:56.224Z,cmq852oq800nq0mobu2b6knp8
Usainiauwaluusainigm,2,109,1,10,2026-06-23T06:44:15.667Z,cmqmey0sl09k40rplqdky4yv7
—,1,109,1,1,2026-06-12T05:54:46.094Z,cmqaih9s700fz0mmgq8zgejw2
—,1,109,1,1,2026-06-04T23:34:01.928Z,cmq04ryfy00fm0ms0ttb4rio4
brave_voyager_45,1,109,1,1,2026-06-04T05:05:27.328Z,cmpz1705q016c0mlbqkel2u2g
Mary,1,109,1,2,2026-06-13T18:29:36.020Z,cmqcorihg01j20mmgwskecyfn
—,1,110,1,1,2026-06-12T06:06:37.860Z,cmqaiuz6s00g90mmg72r2e583
joel,1,110,1,2,2026-06-20T13:53:28.244Z,cmqmf0nho09l80rplthqhxqy1
syrup_voyager,1,110,1,1,2026-06-03T16:48:04.309Z,cmpyauk1u00750mlbi35frmlb
—,1,110,1,1,2026-06-13T20:44:46.122Z,cmqctllu801lk0mmgbtm01eu1
yah_ghello_023,1,110,1,1,2026-06-05T00:19:36.734Z,cmpyi2kyn00ku0mlbtlj2ro99
afore,1,110,1,1,2026-06-10T05:52:23.513Z,cmq7nefno00at0mob5pvlscj9
maggie_ace,1,110,1,1,2026-06-08T17:14:26.789Z,cmq0i5ueb00nn0ms0nfxjmwyp
swift_spark_57,3,111,1,1,2026-06-08T17:14:28.789Z,cmpyemj0w00fa0mlb6189sf3l
mudexby12,1,111,1,1,2026-06-05T00:19:53.558Z,cmq06asc800g90ms0mak9mzgk
—,1,111,1,1,2026-06-12T06:16:50.249Z,cmqaj9m5m00gh0mmgh4ogn4ye
—,1,111,1,1,2026-06-11T00:55:20.835Z,cmq8hqmzv00up0mobeko5qv07
cosmic_racer_69,1,112,1,1,2026-06-08T04:17:00.299Z,cmpyspanz00xh0mlbbiwt7igi
—,1,112,1,1,2026-06-11T01:51:49.698Z,cmq8uc51c00z10mobg1r8r27t
cosmic_hero_91,1,112,1,1,2026-06-03T17:20:00.395Z,cmpybur5t008w0mlbsmocu1t0
—,1,112,1,1,2026-06-05T00:47:19.185Z,cmq07eusz00gv0ms05ow1vwg1
SwiftAce71,1,112,1,1,2026-06-14T00:25:22.172Z,cmqd1l76d00130mt4ly9znscw
—,1,112,1,1,2026-06-12T06:30:46.967Z,cmqajq2rk00gr0mmg9t8ju76l
—,1,113,1,1,2026-06-05T02:42:14.088Z,cmq0bib3x00ir0ms0u7fipjwl
—,1,113,1,1,2026-06-10T16:58:46.261Z,cmq8axfup00ru0mob68j3xzlx
—,1,113,1,1,2026-06-08T18:37:00.268Z,cmq5jv69900dl0mqu4cw1a8xr
—,1,113,1,1,2026-06-14T06:19:59.490Z,cmqctwoeb01lp0mmg97o9ckpr
moore_wrld,1,113,1,1,2026-06-12T06:42:13.008Z,cmqak42f200gv0mmgosxf9xcr
—,1,114,1,1,2026-06-05T03:05:29.940Z,cmq0cc6ww00ja0ms0y94id4md
—,1,114,1,1,2026-06-14T07:27:23.353Z,cmqdgni6600630mt4orl753f7
—,1,114,1,1,2026-06-11T08:50:17.117Z,cmq99a3di015u0mobfwkv62pp
crispy_maverick_77,1,114,1,1,2026-06-03T18:58:25.875Z,cmpyffzvv00gn0mlb2wj65851
pixel_pro_54,1,114,1,1,2026-06-07T21:30:35.612Z,cmpyk6j2b00na0mlb3qxwbjft
—,1,114,1,1,2026-06-12T07:30:56.813Z,cmq81u10h00lb0mobdask5o09
—,1,115,1,1,2026-06-10T15:38:48.156Z,cmq88g9o000qe0mobbnq3xal8
maple_hero_50,1,115,1,1,2026-06-03T20:57:56.352Z,cmpyjru0b00mr0mlb0l51pptd
—,1,115,1,1,2026-06-12T07:44:10.835Z,cmqambiig00i90mmgrhuobpkl
stacked_titan,1,115,1,1,2026-06-05T04:11:12.379Z,cmpy9b05i00400mlbowde6s4g
gummie,1,115,1,1,2026-06-14T08:54:22.375Z,cmqdjpda5007b0mt4pa9z48ri
—,1,116,1,1,2026-06-12T08:01:07.783Z,cmqamz69300im0mmgc6pbvtu4
swift_ace_69,1,116,1,1,2026-06-03T21:33:47.918Z,cmpyl26sr00og0mlbggdurs8v
maple_captain_56,1,116,1,1,2026-06-10T22:00:50.275Z,cmpyk8u3300nd0mlbz0fp4ojq
—,1,116,1,1,2026-06-05T04:59:59.029Z,cmpzsm307005k0ms0v8k24356
vee,1,116,1,1,2026-06-08T13:39:21.831Z,cmq59743a009f0mquycytxqwm
—,1,117,1,1,2026-06-05T05:17:15.092Z,cmq0h1bbv00m80ms0pshqsllt
—,1,117,1,1,2026-06-08T22:04:00.174Z,cmq5qss5i00g70mqu9ui2p68y
—,1,117,1,1,2026-06-12T08:15:48.710Z,cmqangsc200ix0mmgx8b501g0
mighty_blitz_47,1,117,1,1,2026-06-03T16:04:33.902Z,cmpy9a4lz003x0mlblv752clg
—,1,117,1,1,2026-06-14T09:12:53.775Z,cmqdkemz0007t0mt4gk07v8ls
lucky_captain_49,1,118,1,1,2026-06-04T02:55:09.418Z,cmpy6nac5002s0mpdwozhlt7i
—,1,118,1,1,2026-06-05T05:22:20.131Z,cmq0h7l7600mi0ms096zonxjs
salimke254,1,118,1,1,2026-06-09T16:37:58.368Z,cmpzijexj01uw0mlbydk6k754
sharp_maverick_26,1,118,1,1,2026-06-14T09:28:17.489Z,cmpz1fu9m016s0mlbkk9bzcnj
—,1,118,1,1,2026-06-08T22:21:25.675Z,cmq4x37np004k0mquenvp0l0a
—,1,118,1,1,2026-06-12T08:55:23.879Z,cmqaower500jx0mmgky7iw5lg
bright_blitz_40,2,119,1,1,2026-06-12T09:16:52.082Z,cmpynpi0j00s80mlb411aqxxi
turbo_racer_81,1,119,1,1,2026-06-03T19:07:52.294Z,cmpyfrcy100h30mlbh0kzabyz
—,1,119,1,1,2026-06-14T09:49:48.644Z,cmqdlpwvv008d0mt4895orbwm
—,1,119,1,1,2026-06-09T00:04:00.211Z,cmq5vl3tc00hm0mqu005v5225
—,1,119,1,1,2026-06-05T05:29:19.143Z,cmq0hgnxi00mx0ms0tdquf5nr
golden_wizard_98,1,120,1,1,2026-06-03T17:02:49.438Z,cmpy8y8gn00320mlbd854bgw5
—,1,120,1,1,2026-06-09T16:57:49.962Z,cmq6vsytz00260mob5q7mtkly
—,1,120,1,1,2026-06-14T10:25:37.192Z,cmqbwtxr7012u0mmg3mmzbmpe
—,1,120,1,1,2026-06-12T09:36:00.280Z,cmqaqbcwg00ky0mmgslhkale9
lucyswift_blitz_85,1,120,1,1,2026-06-07T16:08:59.949Z,cmpz1ftuq016r0mlb63otfhkr
—,1,120,1,1,2026-06-05T05:45:02.040Z,cmq0i117700ng0ms0v7mjf4fn
izuchukwu,1,121,1,1,2026-06-09T04:19:00.178Z,cmq0jct6x00op0ms03rn8ypjz
—,1,121,1,1,2026-06-12T09:59:47.280Z,cmqar7rw000ln0mmgtiz2ij4p
—,1,121,1,1,2026-06-05T05:46:19.967Z,cmq0i1vee00nh0ms07jwsqxwh
lydiar85,1,121,1,1,2026-06-14T10:35:02.736Z,cmqdnc04r009b0mt46xwbfvdb
brave_champ_51,1,121,1,1,2026-06-04T11:45:10.492Z,cmpzfh77u01r10mlb52suxue6
—,1,121,1,1,2026-06-09T16:59:43.775Z,cmq6vwf5r002c0mobbfpr0037
larry_gold,1,122,1,1,2026-06-05T05:57:06.286Z,cmq0ifh6m00nx0ms0dkq3ekki
—,1,122,1,1,2026-06-12T10:03:52.980Z,cmqardppd00lt0mmg3536smi9
butter_captain_41,1,122,1,1,2026-06-03T21:35:50.235Z,cmpyl4shm00oo0mlbimgyzcvk
—,1,122,1,1,2026-06-09T17:07:22.333Z,cmq6w6c5q002i0mobcfx9c5l6
—,1,122,1,1,2026-06-14T12:16:46.232Z,cmqdqyxr100b90mt4huubrmxe
—,1,122,1,1,2026-06-09T05:45:00.168Z,cmq67r6f200l60mquajh8mjhp
—,1,123,1,1,2026-06-09T17:08:32.366Z,cmq3t9e0301530mmu41941ebe
—,1,123,1,1,2026-06-14T12:31:18.108Z,cmqdriqf800bm0mt4p54cbjok
fieryxendaya,1,123,1,1,2026-06-09T05:53:17.436Z,cmq273k6l00gr0mmubzdplzg5
mighty_champ,1,123,1,1,2026-06-03T15:45:13.953Z,cmpy8lr0v002f0mlblrllvrdh
—,1,123,1,1,2026-06-12T10:07:17.221Z,cmq6q7yg9004w0mpa86dlsen8
—,1,123,1,1,2026-06-05T06:15:21.260Z,cmq0j3uiw00og0ms0s2d89yjd
swift_legend_55,2,124,1,1,2026-06-05T06:41:47.148Z,cmpzihlez01up0mlbp5rojcw1
fadher,1,124,1,1,2026-06-12T11:47:04.252Z,cmqauxkv500nv0mmgsqshoy3r
—,1,124,1,1,2026-06-09T17:51:17.169Z,cmq6xqo7k00340mobxukwrm4z
—,1,124,1,1,2026-06-09T06:18:00.170Z,cmq68x2a400lr0mqupc5ndqb0
cosmic_wizard_61,1,124,1,1,2026-06-04T00:26:39.400Z,cmpyr83se00vm0mlbpam9lat7
Phanty,1,124,1,1,2026-06-14T12:46:29.991Z,cmqdrw1qg00by0mt4l6w3gxvg
—,1,125,1,1,2026-06-09T17:51:59.361Z,cmq6xrlvm00360mob2p6i4gcw
swift_ace_21,1,125,1,1,2026-06-04T08:08:10.256Z,cmpz7pesc01h10mlbnqj5y6vh
—,1,125,1,1,2026-06-14T13:55:50.930Z,cmqduhy9x00d80mt4dl85gb39
—,1,125,1,1,2026-06-12T12:07:35.189Z,cmqavqz5j00of0mmgjb827eia
—,1,125,1,1,2026-06-05T06:49:42.318Z,cmq0kag0g00pj0ms0dhdr86fu
stacked_legend_92,1,126,1,1,2026-06-04T11:24:46.848Z,cmpzeqlp701q80mlbrk4dyf3m
—,1,126,1,1,2026-06-09T06:51:00.239Z,cmq4y5tbm004z0mquve1gt6i3
—,1,126,1,1,2026-06-05T07:03:22.484Z,cmq0ku31y00pz0ms05e7sd3kv
—,1,126,1,1,2026-06-14T14:34:21.945Z,cmqdvwyaw00dy0mt4cowz62dq
favour,1,126,1,1,2026-06-09T19:26:10.106Z,cmq1cdv7h00210mmux4xsoeun
moom10,1,126,1,1,2026-06-12T12:08:28.206Z,cmq0xn8nf010d0ms0y7y331jc
turbo_champ_59,1,127,1,1,2026-06-03T17:03:40.353Z,cmpyb7rhn007v0mlb9d2w1hst
—,1,127,1,1,2026-06-14T14:48:35.182Z,cmqdwf0ry00e70mt4juis6kfm
—,1,127,1,1,2026-06-12T12:22:10.999Z,cmqaw9dpv00oq0mmgkgo44pzg
meee,1,127,1,1,2026-06-09T07:47:21.526Z,cmq1c15uw001p0mmuwmndc5ly
—,1,127,1,1,2026-06-05T07:29:16.328Z,cmq0lqg2500qq0ms03q1skmjj
staywicked2,1,128,1,1,2026-06-09T21:27:07.411Z,cmq2oco5200pd0mmusiprsx2q
blvckboyy,1,128,1,1,2026-06-14T15:13:06.459Z,cmqdx6g1q00el0mt4z98x2x9h
swift_captain_73,1,128,1,1,2026-06-04T00:38:36.448Z,cmpyrn80100w50mlbhtn29hgo
butter_wizard,1,128,1,1,2026-06-12T12:40:02.923Z,cmpy4ugqd00160mmpq3x9j2tz
ice,1,129,1,1,2026-06-14T15:52:39.908Z,cmqdyaz7000fh0mt42dvy06h0
—,1,129,1,1,2026-06-09T09:17:50.615Z,cmq2qw0ua00qm0mmu9uu25qi0
nonnyreal,1,129,1,1,2026-06-05T09:13:29.050Z,cmq0pf8tx00tq0ms0s41ylaju
—,1,129,1,1,2026-06-12T12:42:22.042Z,cmqax0yhi00p70mmgx05i2t3h
syrup_voyager_40,1,130,1,1,2026-06-03T20:00:04.526Z,cmpyhpnpa00kb0mlb3f50vxlh
—,1,130,1,1,2026-06-14T15:57:43.320Z,cmqdyw7d700fp0mt4hcj6ji1z
sss,1,130,1,1,2026-06-09T23:00:03.954Z,cmq1vwsmr00ay0mmutp7ekbyt
—,1,130,1,1,2026-06-12T12:51:48.576Z,cmqax9a9g00pf0mmg7tlwx70j
swift_titan_39,1,131,1,1,2026-06-03T14:57:12.417Z,cmpy6t5rn00010mkcit79poja
—,1,131,1,1,2026-06-09T23:20:24.017Z,cmq79h1a400730mobrd3frxp3
—,1,131,1,1,2026-06-14T16:07:14.106Z,cmqdz6o0100fx0mt4bgb5wg1i
—,1,131,1,1,2026-06-05T09:25:00.722Z,cmq0pvk3300u60ms01z01shmu
—,1,131,1,1,2026-06-09T09:18:14.680Z,cmq5h1myh00cg0mquvvzqhmt9
—,1,131,1,1,2026-06-12T12:52:03.595Z,cmqaxcytt00ph0mmgy9ue54u7
—,1,132,1,1,2026-06-09T12:13:57.990Z,cmq3egb4l00yb0mmuncigr8np
mabii30,1,132,1,1,2026-06-14T16:17:02.290Z,cmqdzl6cu00g60mt4avzbpcfd
mighty_voyager_87,1,132,1,1,2026-06-04T07:38:43.405Z,cmpz6o4em01fe0mlbcur9vo5y
—,1,132,1,1,2026-06-12T13:02:26.682Z,cmqaxpszs00px0mmgdf25gotq
—,1,132,1,1,2026-06-05T10:02:03.224Z,cmq0r77pl00vg0ms0jjd59g3j
golden_blitz_78,1,133,1,1,2026-06-04T11:13:08.915Z,cmpzebywr01pj0mlbc7xbvre2
swift_legend_39,1,133,1,1,2026-06-05T10:05:52.101Z,cmpzblr6b01lz0mlb3p9rmv8l
cenacles,1,133,1,1,2026-06-12T13:41:35.164Z,cmqaz35ni00qv0mmge6zzehzo
—,1,133,1,1,2026-06-14T16:20:58.567Z,cmqdx69fh00ek0mt4di9shr2j
—,1,133,1,1,2026-06-10T05:04:11.397Z,cmq7lq2to00a20mobz2f171ts
—,1,134,1,1,2026-06-14T16:53:59.199Z,cmqe0w6uw00gq0mt4gp7880ga
pixel_voyager_36,1,134,1,1,2026-06-12T14:02:50.619Z,cmpyl85ou00ou0mlbgqccbnk7
—,1,134,1,1,2026-06-05T11:29:30.399Z,cmq0ubcct00xi0ms0q1ney2zg
bright_hero_76,1,134,1,1,2026-06-04T04:46:53.820Z,cmpz08l6s01510mlbwz7lfg23
andyoung,1,135,1,1,2026-06-10T06:14:18.259Z,cmq7o8n4v00bf0mobt2djfobe
Drkingoflife,1,135,1,2,2026-06-03T19:18:58.830Z,cmpyg4eog00ht0mlbp69nyke3
—,1,135,1,1,2026-06-14T17:37:51.311Z,cmq8o4pvs00x90mobc0l3tk96
always_luck,1,135,1,1,2026-06-05T11:37:16.441Z,cmq0umh4x00xt0ms00jnaoisw
—,1,136,1,1,2026-06-05T12:17:05.920Z,cmq0w1igf00yv0ms026mpu2ay
—,1,136,1,1,2026-06-14T17:49:42.526Z,cmqe2ut6u00hw0mt4uyz71p0t
—,1,136,1,1,2026-06-12T17:47:26.268Z,cmqb7vxfk00us0mmgy244l8x1
—,1,137,1,1,2026-06-12T20:34:54.459Z,cmqbb6i6700w50mmgx9p6t7ft
clever_legend_86,1,137,1,1,2026-06-04T12:25:29.262Z,cmpzgwzpc01sr0mlbhihj6zyq
—,1,137,1,1,2026-06-14T17:56:48.429Z,cmqe35ix300i30mt455g1368u
—,1,138,1,1,2026-06-14T19:20:19.179Z,cmqe640dk00jh0mt4isomzs8f
brave_maverick_25,1,138,1,1,2026-06-03T18:23:09.009Z,cmpye984a00e20mlbgrmgrrk5
—,1,138,1,1,2026-06-10T06:27:16.411Z,cmq7oq5ud00bz0mobs6mps2se
—,1,138,1,1,2026-06-05T13:07:07.989Z,cmq0xtrl9010g0ms0o45ny2vs
wass243,1,138,1,2,2026-06-13T00:20:09.443Z,cmqblxw7300zz0mmgn6mtlbnb
okon1,2,139,1,1,2026-06-14T08:06:33.085Z,cmqbq0rag01140mmgh46nnuqw
maple_voyager_69,1,139,1,1,2026-06-05T07:31:57.140Z,cmpz6sx4v01fq0mlbci3aa7fm
—,1,139,1,1,2026-06-10T06:40:25.580Z,cmq7p5f5400cd0moblieehbo6
—,1,139,1,1,2026-06-14T19:36:35.309Z,cmqe6p33300jv0mt45djvrgm8
cosmic_blitz,1,140,1,1,2026-06-03T14:47:05.014Z,cmpy6ijob002i0mpdjdalm8ld
—,1,140,1,1,2026-06-10T06:47:56.117Z,cmq7ph1tv00cr0mobpyjvtuhu
nickysantus,1,140,1,1,2026-06-05T16:29:55.709Z,cmq151uon00040mpdn4z3tdi3
bagwelldeking,1,140,1,1,2026-06-14T20:24:35.197Z,cmpyn6yai00rr0mlbu7c705ew
ladimej10,1,140,1,1,2026-06-11T16:30:21.550Z,cmq9pltpg002h0mmg64l0ksny
khalid,1,141,1,1,2026-06-05T06:18:47.968Z,cmq0j7xwo00ok0ms0ax7418mk
—,1,141,1,1,2026-06-13T07:39:46.475Z,cmqc1lne201670mmguwptoep1
mighty_captain_17,1,141,1,1,2026-06-04T05:26:52.187Z,cmpz1ylcx017a0mlbr9txl4eb
—,1,141,1,1,2026-06-14T20:30:15.408Z,cmq0ijpb100o20ms0hadwjk76
golden_star_56,1,142,1,1,2026-06-04T08:27:16.827Z,cmpyhmxov00k80mlbhgsswr72
—,1,142,1,1,2026-06-13T10:19:24.910Z,cmqc76zb901970mmguz73mnlz
—,1,142,1,1,2026-06-14T20:43:28.255Z,cmqe9312z00l80mt4hmoav8hk
—,1,142,1,1,2026-06-10T06:53:13.635Z,cmq7pnwz400d10mobtx6g6xjg
—,1,142,1,1,2026-06-05T20:47:14.837Z,cmq1e83u500360mmuaat0cglh
nnl,1,143,1,1,2026-06-10T07:03:25.361Z,cmq7jhg13009l0mobhmlrk7it
turbo_racer_22,1,143,1,1,2026-06-04T00:52:19.165Z,cmpys5sce00wx0mlb1hw9lcuh
—,1,143,1,1,2026-06-15T03:31:20.730Z,cmqennwf200qr0mt4p61im6wv
—,1,143,1,1,2026-06-06T07:02:30.110Z,cmq208zuk00d20mmulvpr6swb
syrup_pro,1,144,1,1,2026-06-03T17:16:47.350Z,cmpybtpcf008s0mlb9kp22mgh
—,1,144,1,1,2026-06-10T07:21:17.179Z,cmq7qohu500dl0mobtitql2ir
—,1,144,1,1,2026-06-06T08:11:15.525Z,cmq22oci200eb0mmummeswfif
WildPanda40,1,144,1,5,2026-06-15T03:46:19.100Z,cmqeo41oa00qw0mt4515jeyi9
—,1,145,1,1,2026-06-10T07:24:58.502Z,cmq7qrwmf00dq0mob0djy3imm
—,1,145,1,1,2026-06-15T05:59:30.436Z,cmqesw28w00sd0mt4pn19p85v
sharp_legend_72,1,145,1,1,2026-06-03T19:54:45.864Z,cmpyh9txr00jp0mlb369wy1mc
naposky419,1,146,1,1,2026-06-15T06:23:59.163Z,cmq4suyts00310mquz4hhmzg6
—,1,146,1,1,2026-06-10T07:29:09.887Z,cmq7qwy6u00dv0mobx6irf3ph
turbo_racer,1,146,1,1,2026-06-03T16:19:33.203Z,cmpy9ubpe004y0mlbpsdt781p
—,1,147,1,1,2026-06-10T08:24:55.485Z,cmq7sxbrw00f30mobs7myu0o9
—,1,147,1,1,2026-06-15T06:57:28.602Z,cmqcsgdiz01l40mmgnpku8h8j
maple_star_30,1,147,1,1,2026-06-03T18:21:03.092Z,cmpye650o00ds0mlbewkb5wtx
clever_wizard_50,1,148,1,1,2026-06-04T05:42:08.860Z,cmpz2hxrr01820mlbxturl5tn
—,1,148,1,1,2026-06-15T06:59:44.243Z,cmqev44bp00tg0mt4bwlxrgfl
—,1,148,1,1,2026-06-10T09:44:00.080Z,cmq3uhtk0015p0mmukmciwp5c
—,1,149,1,1,2026-06-15T08:33:52.896Z,cmqdy549l00fb0mt4u9nd5rvh
—,1,149,1,1,2026-06-10T09:55:15.058Z,cmq7w08jb00h50mobhum1l3r7
clever_titan,1,149,1,1,2026-06-04T06:52:05.352Z,cmpyiz9cq00lx0mlbwp11hpxd
—,1,150,1,1,2026-06-10T09:59:14.606Z,cmq5f41f700bp0mqudgokkmfq
sharp_maverick_16,1,150,1,1,2026-06-03T22:26:55.624Z,cmpymx2ff00r70mlb8kpvzzxu
akaha123,1,150,1,1,2026-06-15T08:44:32.345Z,cmqeytve600v70mt4kbbntih1
—,1,151,1,1,2026-06-15T08:45:10.234Z,cmqeywaev00vc0mt4sma2jzmq
pixel_captain_30,1,151,1,1,2026-06-04T08:44:10.124Z,cmpz8zzhe01ir0mlb7cmfydpn
—,1,151,1,1,2026-06-10T10:03:51.801Z,cmq7whds900hj0mobab1kj57m
—,1,152,1,1,2026-06-10T10:06:09.359Z,cmq7wjl5i00ho0mob1j6j8g3d
—,1,152,1,1,2026-06-15T09:40:41.721Z,cmqf0uek500w30mt46rtocova
pixel_star,1,152,1,1,2026-06-03T16:32:36.368Z,cmpyaayev00610mlb0nqx5qsk
golden_ace_98,1,153,1,1,2026-06-04T09:41:46.109Z,cmpzb1q1401l10mlbafqnh0cw
—,1,153,1,1,2026-06-10T10:10:27.180Z,cmq7wperq00hv0mobofw3zhwp
—,1,153,1,1,2026-06-15T11:36:20.525Z,cmqf4xe8c00xq0mt405zely2w
stacked_winner_90,1,154,1,1,2026-06-04T13:35:59.120Z,cmpzjf8ef01vm0mlblj76ep86
—,1,154,1,1,2026-06-10T10:33:38.477Z,cmq7xjqsm00ic0mobyikoiku3
—,1,154,1,1,2026-06-15T11:38:08.312Z,cmqf51uq700xx0mt4987z70jj
stacked_pro_68,1,155,1,1,2026-06-04T07:59:49.876Z,cmpz7fbx801gl0mlbkc5o2o28
allie_19000,1,155,1,1,2026-06-15T11:57:22.660Z,cmqf5qtmt00ya0mt4bqyfez44
—,1,155,1,1,2026-06-10T10:45:14.339Z,cmq7xwuxl00im0mobwsjujzp4
—,1,156,1,1,2026-06-15T13:20:21.244Z,cmqf8osip00zt0mt4zkbhprjb
cosmic_racer_81,1,156,1,1,2026-06-03T22:29:22.095Z,cmpyn1u2700rf0mlbr64ll61x
—,1,156,1,1,2026-06-10T11:15:20.425Z,cmq7z23fu00j80moby0zwkgub
duncanbalo,1,157,1,1,2026-06-10T11:26:38.211Z,cmq7zcn8p00jk0mobowecgoxz
stacked_blitz_82,1,157,1,1,2026-06-03T20:31:13.663Z,cmpyit8cc00ln0mlbzh4m5rce
delilahh,1,158,1,1,2026-06-14T12:49:50.922Z,cmqds583t00c30mt47m35dckm
—,1,158,1,1,2026-06-10T11:35:31.776Z,cmq7zr6l000k00mobwo6k71tw
syrup_spark_94,1,159,1,1,2026-06-04T03:10:45.267Z,cmpyx38k8011r0mlbj4plgihx
—,1,159,1,1,2026-06-10T12:24:11.874Z,cmq81gxqm00kx0mobfeeuebly
—,1,160,1,1,2026-06-15T15:03:48.368Z,cmqfceewy011m0mt47kj7vrw8
—,1,160,1,1,2026-06-10T12:27:35.980Z,cmq81meup00l40mobka3fcdz9
syrup_spark_46,1,160,1,1,2026-06-04T11:49:29.147Z,cmpzfmfe001r90mlbym65k8qv
—,1,161,1,1,2026-06-10T12:43:30.085Z,cmq82654900ll0mobbby0gimx
cosmic_boss_15,1,161,1,1,2026-06-04T13:40:55.985Z,cmpzjlxcj01vv0mlb4h4lvwt5
—,1,161,1,1,2026-06-15T16:15:35.051Z,cmqfez6j701390mt4qwa8azz9
sharp_champ_18,1,162,1,1,2026-06-04T09:14:48.980Z,cmpza2xvv01k10mlbk0opt46f
—,1,162,1,1,2026-06-15T12:44:02.226Z,cmqf7ew5b00z30mt4gx8epdgj
—,1,162,1,1,2026-06-10T13:24:50.862Z,cmq83njit00mo0mobulbzx8hi
Skolz,1,163,1,2,2026-06-03T17:12:06.059Z,cmpyboryl008i0mlb76asp3f3
Clovis,1,163,1,2,2026-06-15T11:54:24.175Z,cmqf5l6jh00y50mt4tm8ybmhw
—,1,163,1,1,2026-06-10T13:32:06.195Z,cmq83wssk00mx0mob7ky673em
—,1,164,1,1,2026-06-10T13:55:59.201Z,cmq84qoou00nd0mobwsva180j
huntvon,1,164,1,1,2026-06-15T13:43:49.356Z,cmq9yjrqe007w0mmgj9qfkbdg
cosmic_racer_25,1,164,1,1,2026-06-04T06:05:11.950Z,cmpz3bnbg019w0mlbgpxd33dt
—,1,165,1,1,2026-06-10T14:07:18.240Z,cmq8571wi00nv0mob20o7zgwy
golden_legend_40,1,165,1,1,2026-06-03T15:17:14.330Z,cmpy7jdhj00010mlbcjc21pjo
—,1,166,1,1,2026-06-15T22:58:27.260Z,cmqftcz6p01av0mt42see3nfe
—,1,166,1,1,2026-06-10T14:27:32.167Z,cmq85u4e200op0moba7cder5x
bright_champ_32,1,166,1,1,2026-06-03T17:51:43.646Z,cmpyd4szv00bs0mlbf9wloiqr
—,1,167,1,1,2026-06-10T14:41:48.789Z,cmq3ng5b801290mmuk8xwlzzl
mighty_spark_89,1,167,1,1,2026-06-04T00:33:16.316Z,cmpyrfle400vs0mlbdg0xue8r
—,1,167,1,1,2026-06-16T00:34:11.921Z,cmqfwrrai01ce0mt4bltjggfq
butter_wizard_25,1,168,1,1,2026-06-04T05:57:22.865Z,cmpz30s0q01930mlbgrg7d7g8
—,1,168,1,1,2026-06-16T01:50:28.377Z,cmqfzhmi101d90mt4bs77gyls
—,1,169,1,1,2026-06-16T03:48:05.908Z,cmqg3pthm01eq0mt4rippu0z5
—,1,169,1,1,2026-06-10T16:24:10.819Z,cmq8a1yi600rd0mob0q6tdhmo
brave_blitz_97,1,169,1,1,2026-06-03T15:33:19.105Z,cmpy86rwx001b0mlbwki3k9zo
pixel_pro_84,1,170,1,1,2026-06-04T06:56:50.829Z,cmpz54f5201cw0mlb3aii6uc7
—,1,170,1,1,2026-06-14T19:43:08.531Z,cmqe6yc8600k40mt4day8cvbq
—,1,170,1,1,2026-06-10T23:04:58.646Z,cmq8odxxy00xb0mob4kg5npww
—,1,171,1,1,2026-06-10T23:29:14.648Z,cmq8p5zzp00xn0mob1a1d0y68
brave_wizard_35,1,171,1,1,2026-06-04T03:02:05.823Z,cmpywrdt1011g0mlbvojl1o7b
—,1,171,1,1,2026-06-16T06:19:31.749Z,cmqg92asf01gk0mt47ieoyd36
—,1,172,1,1,2026-06-16T06:34:08.786Z,cmqg9lho201gu0mt4s2o7rvw4
—,1,172,1,1,2026-06-11T01:16:13.890Z,cmq8syylv00yp0mob95bzd1w3
Senator,1,172,1,2,2026-06-04T06:29:20.314Z,cmpz45nks01bc0mlbkupk13s7
crispy_hero_79,1,173,1,1,2026-06-03T18:06:33.264Z,cmpydn7d800cu0mlbctbl5tq5
ayaaan,1,173,1,1,2026-06-16T08:15:26.658Z,cmqgd9p8x01ih0mt473c81jyj
—,1,173,1,1,2026-06-11T02:19:06.076Z,cmq8v8rd000zd0mob7nkqcdu0
syrup_champ_44,1,174,1,1,2026-06-04T07:18:17.701Z,cmpz5xj0001e60mlbm2lxj6an
brian_ke,1,174,1,1,2026-06-11T05:37:39.606Z,cmq0h4bdg00me0ms0b6a3q4g9
—,1,174,1,1,2026-06-16T08:08:59.438Z,cmqgd0nlg01i60mt41kkv1q1g
turbo_hero,1,175,1,1,2026-06-03T14:41:36.334Z,cmpy6c95w00230mpdi66ibqan
armsaba3,1,175,1,1,2026-06-11T05:47:46.325Z,cmq92o36c011s0mob1humiywg
bright_star_74,1,176,1,1,2026-06-03T22:01:14.840Z,cmpym179a00pt0mlb1jd5mqwg
—,1,176,1,1,2026-06-16T10:11:24.575Z,cmqghe7s901kb0mt4k3y581rv
—,1,176,1,1,2026-06-11T05:54:43.973Z,cmq930ywv01250mobbjq9jauf
—,1,177,1,1,2026-06-11T07:21:05.843Z,cmq963l67013t0mobgbwoen2v
—,1,177,1,1,2026-06-14T19:32:47.496Z,cmqe6kogl00jp0mt4nm1tfnx8
—,1,178,1,1,2026-06-11T07:36:17.303Z,cmq96n97k01430mobf9g4revx
lucky_boss_31,1,178,1,1,2026-06-04T10:37:39.101Z,cmpzd1uh001nf0mlb0t4l00c0
—,1,179,1,1,2026-06-11T08:39:50.020Z,cmq98x82z015g0mobkfj88540
syrup_blitz_60,1,179,1,1,2026-06-04T00:12:16.368Z,cmpyqpxs600uq0mlbewj4e544
—,1,180,1,1,2026-06-11T08:42:29.167Z,cmq98vlxn015c0mobxllakhvt
swift_maverick_55,1,180,1,1,2026-06-03T18:54:44.712Z,cmpyfcszb00gg0mlbjwr8w7hc
butter_champ_17,1,182,1,1,2026-06-04T12:26:50.850Z,cmpzgyf5u01su0mlbwgcogkba
swift_maverick,1,184,1,1,2026-06-04T05:59:01.516Z,cmpy4tbda00130mmpbv2hpmj5
Deee,1,185,1,2,2026-06-03T21:11:23.471Z,cmpyf3y0p00ft0mlbdsp9r48r
stacked_voyager_74,1,186,1,1,2026-06-03T21:20:30.782Z,cmpykl61n00nr0mlbqmrh3466
sharp_wizard_66,1,187,1,1,2026-06-03T21:42:04.481Z,cmpylbrrq00oy0mlbl1g63iae
butter_ace_13,1,188,1,1,2026-06-03T19:07:20.098Z,cmpyfqw5m00h20mlbfvpu3s8o
pixel_spark_34,1,189,1,1,2026-06-03T18:33:18.986Z,cmpyels1t00f60mlbkdken86o
swift_spark_84,1,190,1,1,2026-06-04T12:46:24.257Z,cmpzhnbds01tp0mlbdwvbkie8
turbo_pro_89,1,191,1,1,2026-06-03T14:51:14.986Z,cmpy6nxi8002t0mpd0nr43vh7
bright_maverick_78,1,192,1,1,2026-06-03T18:27:24.339Z,cmpyed8gu00ea0mlbi46ooehk
swift_pro_93,1,193,1,1,2026-06-04T13:36:23.209Z,cmpzjfvnr01vn0mlbn5rmfw9i
cosmic_pro_53,1,194,1,1,2026-06-04T04:33:50.774Z,cmpz01un6014k0mlb7vcqoncf
butter_maverick_27,1,195,1,1,2026-06-03T17:17:09.580Z,cmpybw6ro00920mlbrw3sfg26
pixel_ace_48,1,196,1,1,2026-06-04T08:32:11.293Z,cmpz8b4zb01hv0mlb561de5ub
brave_pro_35,1,197,1,1,2026-06-04T06:19:30.345Z,cmpz3tlfu01ar0mlbmw4lrli2
syrup_blitz,1,198,1,1,2026-06-03T15:43:32.449Z,cmpy8jvbv002b0mlb85ein3kd
pixel_winner_86,1,199,1,1,2026-06-03T16:20:12.846Z,cmpy9tdk3004u0mlbtz3fx809
butter_pro_51,1,200,1,1,2026-06-03T20:09:20.110Z,cmpyi1ibz00ko0mlb5sacds00
maple_star_50,1,201,1,1,2026-06-03T21:30:42.694Z,cmpykwwzu00o50mlb7nxpkxkf
bright_captain_30,1,202,1,1,2026-06-04T06:04:27.262Z,cmpz37wiu019o0mlb979dmefp
mighty_winner_73,1,203,1,1,2026-06-04T08:01:41.343Z,cmpz7h7to01gq0mlb92nhm9pz
mighty_pro,1,204,1,1,2026-06-03T13:51:06.686Z,cmpy4inzi000b0mmpi86h6cxh
maple_champ,1,206,1,1,2026-06-03T14:40:29.712Z,cmpy6ash2001v0mpdiq5xmiq1
sharp_captain,1,207,1,1,2026-06-03T14:45:24.245Z,cmpy6g8t7002e0mpdt9btnuw9
lucky_star_15,1,208,1,1,2026-06-03T14:40:58.814Z,cmpy67vrs001m0mpd9x565ocb
crispy_blitz_71,1,210,1,1,2026-06-03T15:15:22.603Z,cmpy7iz5e00000mlbdqatxu2h
turbo_ace,1,212,1,1,2026-06-03T15:20:05.926Z,cmpy7p7mm00090mlb0di9txjn
maple_pro_90,1,213,1,1,2026-06-03T16:40:00.826Z,cmpyajc6j006l0mlb8rq985go
crispy_maverick_47,1,214,1,1,2026-06-03T16:47:25.349Z,cmpyas4wp00710mlbfirdrkwn
mighty_pro_65,1,215,1,1,2026-06-03T16:43:57.494Z,cmpyamqy6006r0mlbbet92ta0
syrup_wizard,1,216,1,1,2026-06-03T16:48:05.461Z,cmpyasxrb00720mlbh5xbu756
maple_titan_32,1,217,1,1,2026-06-03T17:21:21.319Z,cmpyc0uc4009g0mlbs9zmfuad
brave_titan_63,1,218,1,1,2026-06-03T17:31:58.550Z,cmpycdw1f00a60mlbbvp586uc
maple_blitz_14,1,219,1,1,2026-06-03T17:42:17.535Z,cmpycr7ia00b00mlbjadooiwg
lucky_legend,1,220,1,1,2026-06-03T18:01:19.043Z,cmpydh4mq00ci0mlbswp24umw
sharp_racer_26,1,221,1,1,2026-06-03T18:02:05.835Z,cmpydhbhe00cj0mlbg0vch43a
bright_star_10,1,222,1,1,2026-06-03T18:17:32.668Z,cmpye1liu00dj0mlbpk8jxly8
stacked_titan_28,1,223,1,1,2026-06-03T18:29:38.556Z,cmpyegdan00eq0mlbw48grs1a
brave_racer,1,224,1,1,2026-06-03T18:44:29.013Z,cmpyf04b600fp0mlbscebtewq
lucky_star_27,1,225,1,1,2026-06-03T18:48:12.900Z,cmpyf4jk500fw0mlb8pm3igjg
syrup_hero_20,1,226,1,1,2026-06-03T19:27:15.973Z,cmpygjslj00ie0mlbs34w90jp
syrup_wizard_96,1,227,1,1,2026-06-03T19:29:25.023Z,cmpygmc9k00ij0mlbrtfs192y
syrup_boss_40,1,228,1,1,2026-06-03T19:46:59.518Z,cmpyh8nap00jk0mlbu1g5mbjw
crispy_voyager_97,1,229,1,1,2026-06-03T19:48:31.057Z,cmpyh98jl00jl0mlb2u6jcybq
swift_champ_65,1,230,1,1,2026-06-03T20:12:40.591Z,cmpyi69ki00kx0mlby14b06j0
butter_winner_73,1,231,1,1,2026-06-03T22:01:42.584Z,cmpym1e6t00pv0mlb6qerlx6d
bright_maverick_27,1,232,1,1,2026-06-03T22:33:01.765Z,cmpyn620o00ro0mlbxh37px0i
swift_star_87,1,234,1,1,2026-06-03T22:51:16.092Z,cmpyntuar00sg0mlb5a71o5ih
pixel_ace_58,1,235,1,1,2026-06-04T00:46:32.648Z,cmpyry0et00wm0mlbe3087ygr
crispy_captain_91,1,236,1,1,2026-06-04T00:47:25.135Z,cmpyrp5zm00w90mlbcdvv5h7e
brave_voyager,1,237,1,1,2026-06-04T02:20:20.241Z,cmpyd0ld800bk0mlbe2aioxvc
stacked_pro_75,1,238,1,1,2026-06-04T02:46:49.538Z,cmpyw8x6f01100mlb92bj1paw
turbo_hero_35,1,239,1,1,2026-06-04T03:06:45.207Z,cmpywybd6011m0mlbo88m75ug
lucky_hero_69,1,240,1,1,2026-06-04T03:25:00.838Z,cmpyxlwuf01260mlbiz6paxyo
seth2,1,241,5,2,2026-06-04T04:39:00.729Z,cmpz04y38014t0mlbo7cw0hsh
crispy_wizard_53,1,242,1,1,2026-06-04T04:39:52.562Z,cmpz09ocm01540mlbgnayz45o
maple_pro_40,1,243,1,1,2026-06-04T05:09:17.856Z,cmpz1c2fo016l0mlbjd6wd2yt
lucky_maverick_39,1,245,1,1,2026-06-04T05:46:07.494Z,cmpz2n4k1018c0mlb38h2t245
butter_spark_43,1,246,1,1,2026-06-04T05:46:47.833Z,cmpz2ocyl018f0mlb29846sji
clever_titan_83,1,247,1,1,2026-06-04T05:58:28.040Z,cmpz32u8w019a0mlb30l1bg60
crispy_titan_37,1,248,1,1,2026-06-04T06:12:49.078Z,cmpz3l0xa01ag0mlbghe7n1mp
crispy_winner_11,1,249,1,1,2026-06-03T14:46:58.849Z,cmpy6j834002j0mpdeaklasr0
golden_legend_93,1,250,1,1,2026-06-04T06:28:13.823Z,cmpz44w0g01b90mlbgrhk7h13
turbo_titan_47,1,251,1,1,2026-06-04T06:33:19.565Z,cmpz4c4tk01bn0mlbv6y0mjm3
swift_star_15,1,252,1,1,2026-06-04T09:01:14.835Z,cmpz9j3jo01jb0mlb74j2kkss
swift_spark_93,1,253,1,1,2026-06-03T15:47:36.632Z,cmpy8nldv002j0mlb2kgxyep9
brave_spark_79,1,255,1,1,2026-06-04T11:05:28.251Z,cmpzdxqhc01ow0mlbfdn6tu9g
stacked_boss_90,1,256,1,1,2026-06-04T11:09:00.156Z,cmpze3cnz01p40mlbm2a6083b
swift_voyager_95,1,257,1,1,2026-06-04T11:14:22.385Z,cmpzdwf7d01ov0mlb47pza697
stacked_maverick_51,1,258,1,1,2026-06-04T11:15:48.961Z,cmpzedn4a01pn0mlb69ml1vt5
swift_champ_47,1,259,1,1,2026-06-04T11:34:31.905Z,cmpzf35zx01qi0mlbe82nmpnz
turbo_voyager_73,1,260,1,1,2026-06-04T12:35:44.037Z,cmpzh9w6m01t80mlbri72xv2s
swift_pro_77,1,261,1,1,2026-06-04T12:48:22.667Z,cmpzhormm01tw0mlbp07bifxm
golden_wizard,1,262,1,1,2026-06-04T13:07:57.534Z,cmpy6jf9m002k0mpdzxexlhi7
sharp_star_71,1,264,1,1,2026-06-04T13:44:47.652Z,cmpzjqaku01w10mlbzqskwq4b
Nervous,2,,2,229,2026-06-23T07:06:17.550Z,cmqq8iuo203bf01pdzqm7l0ns
Glory,1,,1,2,2026-06-23T09:44:28.739Z,cmqq8p1ch03nf01pdnwhhfe4m
Kawa,1,,1,2,2026-06-22T21:51:36.668Z,cmqpr12cu016r01ppedhhq4ox
Ramastar,1,,1,29,2026-06-23T09:05:47.873Z,cmqqe6izu06ji01pdxa4urbyb
Veli,1,,1,2,2026-06-23T08:02:06.470Z,cmqqcrkul064t01pdc63oaxb6
Emperor,1,,1,2,2026-06-22T22:41:05.741Z,cmqpssmh0000501ms6zs8jttp
Rk,1,,1,2,2026-06-23T06:56:22.049Z,cmqqagwc604t901pde7cqt7zm
Sniper,1,,1,2,2026-06-23T04:17:26.116Z,cmq230oal00ei0mmu4ighd2no
maple_titan_98,1,,1,1,2026-06-04T14:17:53.566Z,cmpyddqgt00cb0mlb7ikdlaqb
Tyr,1,,1,6,2026-06-22T21:08:02.582Z,cmqppgvx1008o01pqzml4g1sn
Serena,1,,1,2,2026-06-23T07:17:48.015Z,cmqqb9n9a056h01pd9skkuxu7
Royals,1,,1,2,2026-06-22T20:35:56.128Z,cmqpobhdu00sw01o5f4qsd7a8
—,1,,1,1,2026-06-09T14:30:54.081Z,cmq6nilfb002y0mpadtmd7t00
Hashu,1,,1,20,2026-06-23T08:31:15.756Z,cmqmjq77l00cp0rpjdhxi8i19
Accuracy,1,,4,11,2026-06-23T05:38:01.771Z,cmq0354j900e90ms0cweal7dj
Youngsal,1,,1,2,2026-06-20T16:43:26.768Z,cmqmg4vg9003h0rmw2gks3bl0
TurboMaple25,1,,1,2,2026-06-23T04:33:36.107Z,cmqq5dxe002bz01pdozdi95wx
Shah,1,,1,3,2026-06-23T09:34:19.958Z,cmpz16ywa016b0mlbxlq3jafl
